pre,post,simscore,sections,sections_flipped
AS11,AVAL,-0.5,1,0
AS11,AVAR,-0.5,0,1
AS11,PVCL,-0.5,1,0
AS11,PVCR,-0.5,0,1
AS11,R3AL,-0.5,1,0
AS11,R3AR,-0.5,0,1
AS11,dBWML21,-0.5,1,0
AS11,dBWML22,-1.5,3,0
AS11,dBWML23,0.4481808382428365,3,1
AS11,dBWML24,6.996352472137782,7,8
AS11,dBWMR21,-0.5,0,1
AS11,dBWMR22,-1.5,0,3
AS11,dBWMR23,0.4481808382428365,1,3
AS11,dBWMR24,6.996352472137782,8,7
AVAL,AS07,7.997651761604683,14,8
AVAL,AS08,5.987606239116668,6,10
AVAL,AS09,9.999750300386307,11,10
AVAL,AS10,3.9450530833337973,6,4
AVAL,AS11,19.999999970113272,29,20
AVAL,AVAR,11.99993548577029,12,21
AVAL,AVDL,-2.0,0,4
AVAL,AVDR,1.593994150290162,2,6
AVAL,AVFL,-0.5,0,1
AVAL,DA05,4.976417185503201,7,5
AVAL,DA06,16.99999954460685,22,17
AVAL,DA07,13.999991684712809,14,20
AVAL,DA08,4.949465397506859,5,15
AVAL,DA09,11.999938557876467,12,20
AVAL,DB06,2.75106465816068,3,10
AVAL,DD05,-0.5,1,0
AVAL,LUAL,-4.0,0,8
AVAL,PVCL,7.996645373720975,8,20
AVAL,PVCR,3.9450530833337973,6,4
AVAL,PVV,-1.5,3,0
AVAL,PVY,-0.5,1,0
AVAL,R1AL,-2.5,5,0
AVAL,R1AR,-0.5,0,1
AVAL,R1BL,-1.0,0,2
AVAL,R3AL,1.5263265086718556,7,2
AVAL,R3AR,0.8160602794142788,1,1
AVAL,VA09,15.999998480775142,16,27
AVAL,VA10,21.999999996792113,22,23
AVAL,VA11,18.99999992156085,28,19
AVAL,VB06,10.999858035543284,11,17
AVAL,VB11,-0.5,1,0
AVAL,hyp,-2.5,0,5
AVAR,AS07,7.997651761604683,8,14
AVAR,AS08,5.987606239116668,10,6
AVAR,AS09,9.999750300386307,10,11
AVAR,AS10,3.9450530833337973,4,6
AVAR,AS11,19.999999970113272,20,29
AVAR,AVAL,11.99993548577029,21,12
AVAR,AVDL,1.593994150290162,6,2
AVAR,AVDR,-2.0,4,0
AVAR,AVFR,-0.5,1,0
AVAR,DA05,4.976417185503201,5,7
AVAR,DA06,16.99999954460685,17,22
AVAR,DA07,13.999991684712809,20,14
AVAR,DA08,4.949465397506859,15,5
AVAR,DA09,11.999938557876467,20,12
AVAR,DB06,2.75106465816068,10,3
AVAR,DD05,-0.5,0,1
AVAR,LUAR,-4.0,8,0
AVAR,PVCL,3.9450530833337973,4,6
AVAR,PVCR,7.996645373720975,20,8
AVAR,PVV,-1.5,0,3
AVAR,PVY,-0.5,0,1
AVAR,R1AL,-0.5,1,0
AVAR,R1AR,-2.5,0,5
AVAR,R1BR,-1.0,2,0
AVAR,R3AL,0.8160602794142788,1,1
AVAR,R3AR,1.5263265086718556,2,7
AVAR,VA09,15.999998480775142,27,16
AVAR,VA10,21.999999996792113,23,22
AVAR,VA11,18.99999992156085,19,28
AVAR,VB06,10.999858035543284,17,11
AVAR,VB11,-0.5,0,1
AVAR,hyp,-2.5,5,0
AVBL,AS07,-0.5,0,1
AVBL,AS09,-0.5,1,0
AVBL,AS10,0.6321205588285577,2,1
AVBL,AVAL,-5.0,10,0
AVBL,AVAR,4.969679238504115,5,9
AVBL,AVBR,0.8160602794142788,1,1
AVBL,AVG,-0.5,0,1
AVBL,CP05,-0.5,0,1
AVBL,EF3,-0.5,0,1
AVBL,PQR,-0.5,0,1
AVBL,PVX,0.8160602794142788,1,1
AVBL,PVY,1.796997075145081,3,2
AVBL,R2AL,-0.5,0,1
AVBL,R2AR,-0.5,0,1
AVBL,VA10,-0.5,0,1
AVBL,VB11,-0.5,0,1
AVBL,hyp,9.999704900456544,13,10
AVBR,AS07,-0.5,1,0
AVBR,AS09,-0.5,0,1
AVBR,AS10,0.6321205588285577,1,2
AVBR,AVAL,4.969679238504115,9,5
AVBR,AVAR,-5.0,0,10
AVBR,AVBL,0.8160602794142788,1,1
AVBR,AVG,-0.5,1,0
AVBR,CP05,-0.5,1,0
AVBR,EF3,-0.5,1,0
AVBR,PQR,-0.5,1,0
AVBR,PVX,0.8160602794142788,1,1
AVBR,PVY,1.796997075145081,2,3
AVBR,R2AL,-0.5,1,0
AVBR,R2AR,-0.5,1,0
AVBR,VA10,-0.5,1,0
AVBR,VB11,-0.5,1,0
AVBR,hyp,9.999704900456544,10,13
AVDL,AS07,-0.5,1,0
AVDL,AS09,-0.5,0,1
AVDL,AS10,-1.0,0,2
AVDL,AS11,-0.5,0,1
AVDL,AVAL,13.999994179298966,14,14
AVDL,AVAR,13.999992100477169,14,19
AVDL,DA05,0.4481808382428365,3,1
AVDL,DA06,-1.0,0,2
AVDL,DA07,0.26424111765711533,4,1
AVDL,DA08,0.8160602794142788,1,1
AVDL,DB06,1.8646647167633872,2,2
AVDL,PQR,-0.5,1,0
AVDL,PVCR,-1.0,0,2
AVDL,R1AR,-0.5,0,1
AVDL,VA10,0.8160602794142788,1,1
AVDR,AS07,-0.5,0,1
AVDR,AS09,-0.5,1,0
AVDR,AS10,-1.0,2,0
AVDR,AS11,-0.5,1,0
AVDR,AVAL,13.999992100477169,19,14
AVDR,AVAR,13.999994179298966,14,14
AVDR,DA05,0.4481808382428365,1,3
AVDR,DA06,-1.0,2,0
AVDR,DA07,0.26424111765711533,1,4
AVDR,DA08,0.8160602794142788,1,1
AVDR,DB06,1.8646647167633872,2,2
AVDR,PQR,-0.5,0,1
AVDR,PVCL,-1.0,2,0
AVDR,R1AL,-0.5,1,0
AVDR,VA10,0.8160602794142788,1,1
AVFL,AS11,-3.5,0,7
AVFL,AVAL,-2.5,0,5
AVFL,AVAR,-1.0,2,0
AVFL,AVBL,-0.5,1,0
AVFL,AVDR,-2.0,4,0
AVFL,AVFR,-0.5,1,0
AVFL,AVR,-0.5,0,1
AVFL,DA08,-0.5,0,1
AVFL,DA09,-2.0,4,0
AVFL,EF1,-1.5,3,0
AVFL,EF2,4.969679238504115,9,5
AVFL,PCAR,-1.0,2,0
AVFL,PHAL,-1.0,2,0
AVFL,PQR,3.871790527778861,4,14
AVFL,PVCR,12.999972876047115,13,24
AVFL,PVDR,-0.5,0,1
AVFL,PVNL,3.926737444445063,8,4
AVFL,PVNR,-1.0,0,2
AVFL,PVPR,1.3233235838169364,10,2
AVFL,PVV,5.977691230410003,6,18
AVFL,PVWR,-2.0,0,4
AVFL,PVX,-0.5,0,1
AVFL,PVY,16.999999627405604,18,17
AVFL,R1AL,-0.5,1,0
AVFL,R1BL,-7.5,0,15
AVFL,R1BR,-40.0,80,0
AVFL,R3AR,-0.5,0,1
AVFL,R3BL,-1.0,0,2
AVFL,R3BR,4.9730482120036585,5,8
AVFL,R5BL,-17.0,0,34
AVFL,R5BR,-7.5,15,0
AVFL,R6BL,-2.0,4,0
AVFL,R6BR,-6.5,13,0
AVFL,R7BL,3.9542109027781644,4,5
AVFL,R7BR,3.9358952638894302,4,7
AVFL,R8AR,-1.5,3,0
AVFL,R9AR,-0.5,1,0
AVFL,VA12,3.899263986111962,11,4
AVFL,VD13,-2.5,0,5
AVFL,ailR,-2.0,4,0
AVFL,dglR3,-1.0,2,0
AVFL,vBWML22,-4.0,8,0
AVFL,vBWML23,-1.0,0,2
AVFL,vBWMR22,-4.5,0,9
AVFR,AS11,-3.5,7,0
AVFR,AVAL,-1.0,0,2
AVFR,AVAR,-2.5,5,0
AVFR,AVBR,-0.5,0,1
AVFR,AVDL,-2.0,0,4
AVFR,AVFL,-0.5,0,1
AVFR,AVL,-0.5,1,0
AVFR,DA08,-0.5,1,0
AVFR,DA09,-2.0,0,4
AVFR,EF1,-1.5,0,3
AVFR,EF2,4.969679238504115,5,9
AVFR,PCAL,-1.0,0,2
AVFR,PHAR,-1.0,0,2
AVFR,PQR,3.871790527778861,14,4
AVFR,PVCL,12.999972876047115,24,13
AVFR,PVDL,-0.5,1,0
AVFR,PVNL,-1.0,2,0
AVFR,PVNR,3.926737444445063,4,8
AVFR,PVPL,1.3233235838169364,2,10
AVFR,PVV,5.977691230410003,18,6
AVFR,PVWL,-2.0,4,0
AVFR,PVX,-0.5,1,0
AVFR,PVY,16.999999627405604,17,18
AVFR,R1AR,-0.5,0,1
AVFR,R1BL,-40.0,0,80
AVFR,R1BR,-7.5,15,0
AVFR,R3AL,-0.5,1,0
AVFR,R3BL,4.9730482120036585,8,5
AVFR,R3BR,-1.0,2,0
AVFR,R5BL,-7.5,0,15
AVFR,R5BR,-17.0,34,0
AVFR,R6BL,-6.5,0,13
AVFR,R6BR,-2.0,0,4
AVFR,R7BL,3.9358952638894302,7,4
AVFR,R7BR,3.9542109027781644,5,4
AVFR,R8AL,-1.5,0,3
AVFR,R9AL,-0.5,0,1
AVFR,VA12,3.899263986111962,4,11
AVFR,VD13,-2.5,5,0
AVFR,ailL,-2.0,0,4
AVFR,dglL3,-1.0,0,2
AVFR,vBWML22,-4.5,9,0
AVFR,vBWMR22,-4.0,0,8
AVFR,vBWMR23,-1.0,2,0
AVG,AVBL,1.796997075145081,3,2
AVG,AVBR,1.796997075145081,2,3
AVG,AVFL,-0.5,1,0
AVG,AVFR,-0.5,0,1
AVG,AVHL,0.26424111765711533,1,4
AVG,AVHR,0.26424111765711533,4,1
AVG,AVJL,-0.5,1,0
AVG,AVJR,-0.5,0,1
AVG,AVL,-2.0,4,0
AVG,AVR,-2.0,0,4
AVG,PCAL,-1.0,0,2
AVG,PCAR,-1.0,2,0
AVG,PVNL,-3.5,7,0
AVG,PVNR,-3.5,0,7
AVG,PVQL,-2.5,0,5
AVG,PVQR,-2.5,5,0
AVG,R2AL,2.900425863264272,4,3
AVG,R2AR,2.900425863264272,3,4
AVG,R8AL,-0.5,1,0
AVG,R8AR,-0.5,0,1
AVG,SDQL,-2.0,4,0
AVG,SDQR,-2.0,0,4
AVG,SPDL,-2.0,4,0
AVG,SPDR,-2.0,0,4
AVG,cdlL,-1.0,2,0
AVG,cdlR,-1.0,0,2
AVG,dBWML24,-0.5,1,0
AVG,dBWMR24,-0.5,0,1
AVHL,AVG,-1.0,0,2
AVHL,CA09,-0.5,0,1
AVHL,PCAL,-0.5,0,1
AVHR,AVG,-1.0,2,0
AVHR,CA09,-0.5,1,0
AVHR,PCAR,-0.5,1,0
AVJL,AVBR,-1.0,2,0
AVJL,AVG,0.6321205588285577,2,1
AVJL,AVHR,-2.0,4,0
AVJL,AVR,-0.5,0,1
AVJL,CA07,-0.5,0,1
AVJL,CP04,-0.5,1,0
AVJL,CP07,-0.5,0,1
AVJL,DD04,-0.5,1,0
AVJL,EF2,-1.0,0,2
AVJL,PQR,-0.5,1,0
AVJL,PVQL,-1.0,0,2
AVJL,PVX,0.26424111765711533,4,1
AVJL,gonad,-0.5,0,1
AVJL,hyp,-1.0,0,2
AVJR,AVBL,-1.0,0,2
AVJR,AVG,0.6321205588285577,1,2
AVJR,AVHL,-2.0,0,4
AVJR,AVL,-0.5,1,0
AVJR,CA07,-0.5,1,0
AVJR,CP04,-0.5,0,1
AVJR,CP07,-0.5,1,0
AVJR,DD04,-0.5,0,1
AVJR,EF2,-1.0,2,0
AVJR,PQR,-0.5,0,1
AVJR,PVQR,-1.0,2,0
AVJR,PVX,0.26424111765711533,1,4
AVJR,gonad,-0.5,1,0
AVJR,hyp,-1.0,2,0
AVKL,AVAL,-0.5,1,0
AVKL,AVDL,-0.5,1,0
AVKL,DB03,-1.0,2,0
AVKL,DB05,-0.5,1,0
AVKL,DVA,-1.0,2,0
AVKL,PDER,0.8160602794142788,1,1
AVKL,PVM,-0.5,0,1
AVKL,PVPL,-1.5,0,3
AVKL,R3AR,-1.0,2,0
AVKL,VA09,-0.5,1,0
AVKL,VB06,-1.0,2,0
AVKL,VB09,-0.5,1,0
AVKL,VB10,-1.0,2,0
AVKL,ailR,4.979786159002743,5,6
AVKL,dglR2,-1.0,0,2
AVKL,hyp,1.8646647167633872,2,2
AVKL,vBWMR17,-2.0,0,4
AVKL,vBWMR20,-0.5,0,1
AVKR,AVAR,-0.5,0,1
AVKR,AVDR,-0.5,0,1
AVKR,DB03,-1.0,0,2
AVKR,DB05,-0.5,0,1
AVKR,DVA,-1.0,0,2
AVKR,PDEL,0.8160602794142788,1,1
AVKR,PVM,-0.5,1,0
AVKR,PVPR,-1.5,3,0
AVKR,R3AL,-1.0,0,2
AVKR,VA09,-0.5,0,1
AVKR,VB06,-1.0,0,2
AVKR,VB09,-0.5,0,1
AVKR,VB10,-1.0,0,2
AVKR,ailL,4.979786159002743,6,5
AVKR,dglL2,-1.0,2,0
AVKR,hyp,1.8646647167633872,2,2
AVKR,vBWML17,-2.0,4,0
AVKR,vBWML20,-0.5,1,0
AVL,CA03,-0.5,1,0
AVL,DD06,-0.5,1,0
AVL,DVB,-0.5,1,0
AVL,DVF,-1.0,2,0
AVL,PVNR,-0.5,1,0
AVL,gonad,-1.5,3,0
AVL,vBWMR19,-0.5,1,0
AVL,vBWMR20,-1.0,2,0
AVR,CA03,-0.5,0,1
AVR,DD06,-0.5,0,1
AVR,DVB,-0.5,0,1
AVR,DVF,-1.0,0,2
AVR,PVNL,-0.5,0,1
AVR,gonad,-1.5,0,3
AVR,vBWML19,-0.5,0,1
AVR,vBWML20,-1.0,0,2
CA02,AVL,-0.5,1,0
CA02,AVR,-0.5,0,1
CA03,AVL,-1.5,3,0
CA03,AVR,-1.5,0,3
CA03,vBWML17,-1.5,3,0
CA03,vBWML20,-0.5,0,1
CA03,vBWMR17,-1.5,0,3
CA03,vBWMR20,-0.5,1,0
CA04,R2BL,-1.0,0,2
CA04,R2BR,-1.0,2,0
CA04,R4AL,2.900425863264272,3,4
CA04,R4AR,2.900425863264272,4,3
CA04,R6AL,-1.0,0,2
CA04,R6AR,-1.0,2,0
CA04,R7AL,-2.0,0,4
CA04,R7AR,-2.0,4,0
CA04,R7BL,-0.5,0,1
CA04,R7BR,-0.5,1,0
CA04,SPCL,-1.0,0,2
CA04,SPCR,-1.0,2,0
CA04,ailL,-0.5,1,0
CA04,ailR,-0.5,0,1
CA05,AVJL,-0.5,1,0
CA05,AVJR,-0.5,0,1
CA05,AVKL,-0.5,0,1
CA05,AVKR,-0.5,1,0
CA05,PCBL,-4.0,0,8
CA05,PCBR,-4.0,8,0
CA05,PCCL,1.6616617919084682,5,2
CA05,PCCR,1.6616617919084682,2,5
CA05,PHCL,-3.0,0,6
CA05,PHCR,-3.0,6,0
CA05,R4BL,-1.5,0,3
CA05,R4BR,-1.5,3,0
CA05,R7BL,-0.5,1,0
CA05,R7BR,-0.5,0,1
CA05,SPCL,1.7293294335267746,2,4
CA05,SPCR,1.7293294335267746,4,2
CA05,SPDL,0.8160602794142788,1,1
CA05,SPDR,0.8160602794142788,1,1
CA05,SPVL,-2.5,0,5
CA05,SPVR,-2.5,5,0
CA05,ailL,-1.0,2,0
CA05,ailR,-1.0,0,2
CA05,mu_intL,-1.0,0,2
CA05,mu_intR,-1.0,2,0
CA05,vBWML18,-0.5,0,1
CA05,vBWML22,-0.5,1,0
CA05,vBWMR18,-0.5,1,0
CA05,vBWMR22,-0.5,0,1
CA06,AVJL,-0.5,1,0
CA06,AVJR,-0.5,0,1
CA06,PCAL,-1.5,0,3
CA06,PCAR,-1.5,3,0
CA06,PCBL,3.9542109027781644,5,4
CA06,PCBR,3.9542109027781644,4,5
CA06,PCCL,-0.5,0,1
CA06,PCCR,-0.5,1,0
CA06,SPCL,0.6321205588285577,2,1
CA06,SPCR,0.6321205588285577,1,2
CA07,AVHL,0.4481808382428365,1,3
CA07,AVHR,0.4481808382428365,3,1
CA07,AVJL,-0.5,0,1
CA07,AVJR,-0.5,1,0
CA07,PHBL,0.8160602794142788,1,1
CA07,PHBR,0.8160602794142788,1,1
CA07,PHCL,-0.5,1,0
CA07,PHCR,-0.5,0,1
CA07,SPVL,-0.5,0,1
CA07,SPVR,-0.5,1,0
CA08,AVKL,-0.5,0,1
CA08,AVKR,-0.5,1,0
CA08,vBWML17,-0.5,1,0
CA08,vBWML20,-1.5,3,0
CA08,vBWMR17,-0.5,0,1
CA08,vBWMR20,-1.5,0,3
CA09,dglL2,-2.0,4,0
CA09,dglR2,-2.0,0,4
CA09,vBWML21,-0.5,0,1
CA09,vBWML22,-0.5,1,0
CA09,vBWMR21,-0.5,1,0
CA09,vBWMR22,-0.5,0,1
CP01,SPDL,-0.5,1,0
CP01,SPDR,-0.5,0,1
CP01,ailL,4.976417185503201,5,7
CP01,ailR,4.976417185503201,7,5
CP01,dglL1,-0.5,0,1
CP01,dglL2,-3.0,0,6
CP01,dglR1,-0.5,1,0
CP01,dglR2,-3.0,6,0
CP01,vBWML21,-1.5,0,3
CP01,vBWML23,-2.5,0,5
CP01,vBWMR21,-1.5,3,0
CP01,vBWMR23,-2.5,5,0
CP02,PCAL,-0.5,1,0
CP02,PCAR,-0.5,0,1
CP02,SPDL,-0.5,0,1
CP02,SPDR,-0.5,1,0
CP02,ailL,-1.0233369264429326,1,11
CP02,ailR,-1.0233369264429326,11,1
CP02,dglL2,-0.5,0,1
CP02,dglR2,-0.5,1,0
CP02,mu_intL,-1.0,2,0
CP02,mu_intR,-1.0,0,2
CP02,vBWML21,-3.5,0,7
CP02,vBWML22,-2.5,5,0
CP02,vBWMR21,-3.5,7,0
CP02,vBWMR22,-2.5,0,5
CP03,SPDL,-1.0,0,2
CP03,SPDR,-1.0,2,0
CP03,ailL,5.991324367381668,6,7
CP03,ailR,5.991324367381668,7,6
CP03,vBWML21,1.7293294335267746,2,4
CP03,vBWML22,-1.0,2,0
CP03,vBWMR21,1.7293294335267746,4,2
CP03,vBWMR22,-1.0,0,2
CP04,AVJL,-0.5,1,0
CP04,AVJR,-0.5,0,1
CP04,PCCL,-3.0,0,6
CP04,PCCR,-3.0,6,0
CP04,SPCL,-0.5,0,1
CP04,SPCR,-0.5,1,0
CP04,ailL,1.1879883005803238,2,12
CP04,ailR,1.1879883005803238,12,2
CP04,dglL1,-1.0,0,2
CP04,dglR1,-1.0,2,0
CP04,vBWML17,-0.5,1,0
CP04,vBWML19,4.949465397506859,5,15
CP04,vBWML20,3.9450530833337973,6,4
CP04,vBWML21,-2.5,0,5
CP04,vBWML22,-5.0,10,0
CP04,vBWML23,-1.0,0,2
CP04,vBWMR17,-0.5,0,1
CP04,vBWMR19,4.949465397506859,15,5
CP04,vBWMR20,3.9450530833337973,4,6
CP04,vBWMR21,-2.5,5,0
CP04,vBWMR22,-5.0,0,10
CP04,vBWMR23,-1.0,2,0
CP05,AVL,-1.0,2,0
CP05,AVR,-1.0,0,2
CP05,PCBL,-8.5,17,0
CP05,PCBR,-8.5,0,17
CP05,PCCL,-2.0,4,0
CP05,PCCR,-2.0,0,4
CP05,PVPL,-1.0,2,0
CP05,PVPR,-1.0,0,2
CP05,PVQL,-0.5,0,1
CP05,PVQR,-0.5,1,0
CP05,SPCL,2.7012775897928165,3,12
CP05,SPCR,2.7012775897928165,12,3
CP05,SPVL,-5.0,10,0
CP05,SPVR,-5.0,0,10
CP05,ailL,-1.5,0,3
CP05,ailR,-1.5,3,0
CP05,aobL,-1.0,2,0
CP05,aobR,-1.0,0,2
CP05,dglL1,-1.0,0,2
CP05,dglR1,-1.0,2,0
CP05,pobL,-5.0,10,0
CP05,pobR,-5.0,0,10
CP05,vBWML22,-3.0,6,0
CP05,vBWMR22,-3.0,0,6
CP05,vspL,-2.5,5,0
CP05,vspR,-2.5,0,5
CP06,AVL,-1.5,3,0
CP06,AVR,-1.5,0,3
CP06,PCBL,-3.5,7,0
CP06,PCBR,-3.5,0,7
CP06,PCCL,4.9831551325022865,5,5
CP06,PCCR,4.9831551325022865,5,5
CP06,SPCL,-2.0,0,4
CP06,SPCR,-2.0,4,0
CP06,SPVL,-7.0,14,0
CP06,SPVR,-7.0,0,14
CP06,ailL,3.9450530833337973,6,4
CP06,ailR,3.9450530833337973,4,6
CP06,aobL,7.99865814948839,8,8
CP06,aobR,7.99865814948839,8,8
CP06,dglL1,-2.0,0,4
CP06,dglR1,-2.0,4,0
CP06,mu_intL,-1.0,0,2
CP06,mu_intR,-1.0,2,0
CP06,pobL,1.5263265086718556,2,7
CP06,pobR,1.5263265086718556,7,2
CP06,vBWML23,-0.5,0,1
CP06,vBWMR23,-0.5,1,0
CP06,vspL,8.99888931176322,18,9
CP06,vspR,8.99888931176322,9,18
CP07,PVNL,-1.5,0,3
CP07,PVNR,-1.5,3,0
CP07,R2AL,0.08030139707139416,1,5
CP07,R2AR,0.08030139707139416,5,1
CP07,R3BL,-5.0,10,0
CP07,R3BR,-5.0,0,10
CP07,R6AL,-9.0,0,18
CP07,R6AR,-9.0,18,0
CP07,R7AL,-2.5,0,5
CP07,R7AR,-2.5,5,0
CP07,R8AL,-2.5,0,5
CP07,R8AR,-2.5,5,0
CP07,R9AL,-4.5,0,9
CP07,R9AR,-4.5,9,0
CP08,PCAL,0.4481808382428365,1,3
CP08,PCAR,0.4481808382428365,3,1
CP08,PVNL,-2.0,4,0
CP08,PVNR,-2.0,0,4
CP08,R2AL,2.7261711239767483,3,11
CP08,R2AR,2.7261711239767483,11,3
CP08,R6AL,3.9358952638894302,7,4
CP08,R6AR,3.9358952638894302,4,7
CP08,R7AL,1.4586588670535492,8,2
CP08,R7AR,1.4586588670535492,2,8
CP09,PCAL,-1.0,2,0
CP09,PCAR,-1.0,0,2
CP09,PCBL,-1.5,0,3
CP09,PCBR,-1.5,3,0
CP09,R3BL,7.9981549555465365,11,8
CP09,R3BR,7.9981549555465365,8,11
CP09,R6AL,15.99999893091584,16,19
CP09,R6AR,15.99999893091584,19,16
CP09,R7AL,-3.782432735228751,1,26
CP09,R7AR,-3.782432735228751,26,1
CP09,R7BL,-4.0,8,0
CP09,R7BR,-4.0,0,8
CP09,R8AL,-5.5,11,0
CP09,R8AR,-5.5,0,11
CP09,R9AL,1.4586588670535492,8,2
CP09,R9AR,1.4586588670535492,2,8
CP09,R9BL,2.800851726528544,3,8
CP09,R9BR,2.800851726528544,8,3
CP09,SPDL,-1.0,2,0
CP09,SPDR,-1.0,0,2
CP09,SPVL,-0.5,0,1
CP09,SPVR,-0.5,1,0
DA08,dBWML22,-0.5,0,1
DA08,dBWML23,-1.0,2,0
DA08,dBWML24,-1.0,2,0
DA08,dBWMR22,-0.5,1,0
DA08,dBWMR23,-1.0,0,2
DA08,dBWMR24,-1.0,0,2
DA09,AVAL,-0.5,0,1
DA09,AVAR,-0.5,1,0
DA09,R1AL,-0.5,1,0
DA09,R1AR,-0.5,0,1
DA09,R3AL,-0.5,1,0
DA09,R3AR,-0.5,0,1
DA09,ailL,-0.5,1,0
DA09,ailR,-0.5,0,1
DA09,dBWML21,-1.5,3,0
DA09,dBWML22,-2.5,5,0
DA09,dBWML23,-0.5,0,1
DA09,dBWML24,3.9633687222225316,4,4
DA09,dBWMR21,-1.5,0,3
DA09,dBWMR22,-2.5,0,5
DA09,dBWMR23,-0.5,1,0
DA09,dBWMR24,3.9633687222225316,4,4
DD03,vBWML20,-0.5,0,1
DD03,vBWMR20,-0.5,1,0
DD06,dBWML21,-0.5,0,1
DD06,dBWML22,-0.5,0,1
DD06,dBWML23,-0.103638323514327,1,6
DD06,dBWML24,-0.5,1,0
DD06,dBWMR21,-0.5,1,0
DD06,dBWMR22,-0.5,1,0
DD06,dBWMR23,-0.103638323514327,6,1
DD06,dBWMR24,-0.5,0,1
DVA,AVAL,-0.5,0,1
DVA,AVAR,-0.5,1,0
DVA,PDEL,-1.0,2,0
DVA,PDER,-1.0,0,2
DVA,PVCL,-0.5,1,0
DVA,PVCR,-0.5,0,1
DVB,AVL,-2.0,4,0
DVB,AVR,-2.0,0,4
DVB,PVNL,-0.5,0,1
DVB,PVNR,-0.5,1,0
DVB,PVPL,-1.5,3,0
DVB,PVPR,-1.5,0,3
DVB,SPCL,1.5263265086718556,7,2
DVB,SPCR,1.5263265086718556,2,7
DVB,vspL,4.952834371006402,14,5
DVB,vspR,4.952834371006402,5,14
DVC,PVDL,-0.5,0,1
DVC,PVDR,-0.5,1,0
DVC,PVPL,-2.0,4,0
DVC,PVPR,-2.0,0,4
DVC,SPDL,1.796997075145081,3,2
DVC,SPDR,1.796997075145081,2,3
DVC,SPVL,-0.5,0,1
DVC,SPVR,-0.5,1,0
DVC,vBWML20,-1.0,0,2
DVC,vBWMR20,-1.0,2,0
DVE,AVL,-3.0,6,0
DVE,AVR,-3.0,0,6
DVE,PCAL,-1.0,2,0
DVE,PCAR,-1.0,0,2
DVE,PCCL,-8.0,0,16
DVE,PCCR,-8.0,16,0
DVE,SPCL,-8.5,0,17
DVE,SPCR,-8.5,17,0
DVE,SPVL,1.1879883005803238,2,12
DVE,SPVR,1.1879883005803238,12,2
DVE,vspL,-1.5,0,3
DVE,vspR,-1.5,3,0
DVF,AVHL,-1.0,2,0
DVF,AVHR,-1.0,0,2
DVF,AVL,-0.5,1,0
DVF,AVR,-0.5,0,1
DVF,PCBL,-3.0,6,0
DVF,PCBR,-3.0,0,6
DVF,PCCL,-2.5,5,0
DVF,PCCR,-2.5,0,5
DVF,PVPL,-1.5,3,0
DVF,PVPR,-1.5,0,3
DVF,PVQL,0.4481808382428365,1,3
DVF,PVQR,0.4481808382428365,3,1
DVF,SPCL,-14.0,28,0
DVF,SPCR,-14.0,0,28
DVF,SPVL,0.8160602794142788,1,1
DVF,SPVR,0.8160602794142788,1,1
DVF,vBWML17,-0.5,1,0
DVF,vBWMR17,-0.5,0,1
DX1,AVFL,-0.5,0,1
DX1,AVFR,-0.5,1,0
DX1,PCAL,-11.5,23,0
DX1,PCAR,-11.5,0,23
DX1,PHAL,-1.0,2,0
DX1,PHAR,-1.0,0,2
DX1,R9AL,-0.5,1,0
DX1,R9AR,-0.5,0,1
DX2,PCAL,-13.0,0,26
DX2,PCAR,-13.0,26,0
DX2,R3BL,-6.0,12,0
DX2,R3BR,-6.0,0,12
DX3,PCAL,-11.5,23,0
DX3,PCAR,-11.5,0,23
DX3,PCCL,-0.5,1,0
DX3,PCCR,-0.5,0,1
DX3,PHBL,-1.0,2,0
DX3,PHBR,-1.0,0,2
DX3,R3BL,-2.0,0,4
DX3,R3BR,-2.0,4,0
DX3,R9AL,-4.0,8,0
DX3,R9AR,-4.0,0,8
DX3,SPCL,-0.5,1,0
DX3,SPCR,-0.5,0,1
EF1,R2AL,-0.5,1,0
EF1,R2AR,-0.5,0,1
EF1,R9BL,-0.5,1,0
EF1,R9BR,-0.5,0,1
EF2,AVFL,0.8160602794142788,1,1
EF2,AVFR,0.8160602794142788,1,1
EF2,PVCL,-0.5,0,1
EF2,PVCR,-0.5,1,0
EF2,R1BL,-1.0,0,2
EF2,R1BR,-1.0,2,0
EF2,R4BL,-0.5,0,1
EF2,R4BR,-0.5,1,0
EF2,R5BL,-2.5,0,5
EF2,R5BR,-2.5,5,0
EF2,R6BL,-3.0,0,6
EF2,R6BR,-3.0,6,0
EF2,R7BL,-1.0,0,2
EF2,R7BR,-1.0,2,0
HOA,PCAL,6.995440590172228,7,10
HOA,PCAR,6.995440590172228,10,7
HOA,PCBL,-4.0,0,8
HOA,PCBR,-4.0,8,0
HOA,PHBL,1.7293294335267746,2,4
HOA,PHBR,1.7293294335267746,4,2
HOA,PHCL,84.0,134,84
HOA,PHCR,84.0,84,134
HOA,PVNL,-0.5,0,1
HOA,PVNR,-0.5,1,0
HOA,R2AL,-2.0,4,0
HOA,R2AR,-2.0,0,4
HOA,R2BL,-5.0,0,10
HOA,R2BR,-5.0,10,0
HOA,R3BL,-2.6787944117144233,20,1
HOA,R3BR,-2.6787944117144233,1,20
HOA,R6BL,-3.5,0,7
HOA,R6BR,-3.5,7,0
HOA,R7BL,-0.5,1,0
HOA,R7BR,-0.5,0,1
HOA,R8AL,40.0,40,45
HOA,R8AR,40.0,45,40
HOB,PCAL,51.0,52,51
HOB,PCAR,51.0,51,52
HOB,PCBL,3.9358952638894302,4,7
HOB,PCBR,3.9358952638894302,7,4
HOB,PCCL,-1.0,0,2
HOB,PCCR,-1.0,2,0
HOB,PHCL,16.999999482507786,25,17
HOB,PHCR,16.999999482507786,17,25
HOB,PHDL,-1.0,2,0
HOB,PHDR,-1.0,0,2
HOB,R2BL,8.99925954117548,12,9
HOB,R2BR,8.99925954117548,9,12
HOB,R3BL,6.9936168262411185,14,7
HOB,R3BR,6.9936168262411185,7,14
HOB,R8AL,5.980169982586669,16,6
HOB,R8AR,5.980169982586669,6,16
HOB,R9AL,2.6763840556088843,13,3
HOB,R9AR,2.6763840556088843,3,13
HOB,SPCL,4.85176516602012,5,44
HOB,SPCR,4.85176516602012,44,5
HOB,SPDL,0.6321205588285577,2,1
HOB,SPDR,0.6321205588285577,1,2
HOB,SPVL,-1.5,3,0
HOB,SPVR,-1.5,0,3
LUAL,AS11,-1.0,2,0
LUAL,AVAL,-6.0,0,12
LUAL,AVAR,-13.5,27,0
LUAL,AVDL,-4.5,0,9
LUAL,AVDR,-8.0,16,0
LUAL,AVFL,-1.5,0,3
LUAL,AVFR,1.3233235838169364,2,10
LUAL,DB07,-0.5,0,1
LUAL,LUAR,2.8506387948964083,3,6
LUAL,PQR,-2.0,4,0
LUAL,PVCL,1.796997075145081,2,3
LUAL,PVNL,-3.5,7,0
LUAL,PVR,-0.5,0,1
LUAL,PVWL,-2.0,4,0
LUAL,R1BL,-1.5,0,3
LUAL,R3BL,-1.0,2,0
LUAL,R5BR,-0.5,1,0
LUAL,R6BL,-1.5,0,3
LUAL,R6BR,-4.0,8,0
LUAL,R9AL,-1.0,2,0
LUAL,R9BL,5.991324367381668,6,7
LUAR,AS11,-1.0,0,2
LUAR,AVAL,-13.5,0,27
LUAR,AVAR,-6.0,12,0
LUAR,AVDL,-8.0,0,16
LUAR,AVDR,-4.5,9,0
LUAR,AVFL,1.3233235838169364,10,2
LUAR,AVFR,-1.5,3,0
LUAR,DB07,-0.5,1,0
LUAR,LUAL,2.8506387948964083,6,3
LUAR,PQR,-2.0,0,4
LUAR,PVCR,1.796997075145081,3,2
LUAR,PVNR,-3.5,0,7
LUAR,PVR,-0.5,1,0
LUAR,PVWR,-2.0,0,4
LUAR,R1BR,-1.5,3,0
LUAR,R3BR,-1.0,0,2
LUAR,R5BL,-0.5,0,1
LUAR,R6BL,-4.0,0,8
LUAR,R6BR,-1.5,3,0
LUAR,R9AR,-1.0,0,2
LUAR,R9BR,5.991324367381668,7,6
PCAL,AVAR,-0.5,0,1
PCAL,AVG,7.996309911093072,22,8
PCAL,AVHR,-0.5,0,1
PCAL,CA05,-1.0,0,2
PCAL,CA06,-0.8393972058572117,1,10
PCAL,CP01,-1.0,2,0
PCAL,CP02,-2.0,4,0
PCAL,CP03,-5.5,11,0
PCAL,CP04,-5.5,11,0
PCAL,CP05,-1.0,2,0
PCAL,CP06,-0.5,0,1
PCAL,CP07,31.99999999999978,32,35
PCAL,CP08,9.999023901510107,10,43
PCAL,HOA,7.99731629897678,16,8
PCAL,HOB,-2.0,0,4
PCAL,PCAL,-3.0,6,0
PCAL,PCAR,-2.0,0,4
PCAL,PCBL,43.0,43,67
PCAL,PDB,0.4481808382428365,3,1
PCAL,PHCL,3.9633687222225316,4,4
PCAL,PHCR,-1.0,2,0
PCAL,PHDL,-0.5,1,0
PCAL,PVV,6.995440590172228,7,10
PCAL,PVX,113.0,113,160
PCAL,PVY,-3.0,0,6
PCAL,R3BL,-1.5,3,0
PCAL,R7AL,-0.5,1,0
PCAL,R8AL,55.0,55,71
PCAL,R8AR,20.99999998142273,49,21
PCAL,R8BL,-0.5,0,1
PCAL,R9AL,13.999992516241528,18,14
PCAL,aobL,21.999999996931585,22,22
PCAL,gecL,5.987606239116668,6,10
PCAL,grtL,1.2556559421986302,11,2
PCAL,pobL,10.999716071086565,11,34
PCAR,AVAL,-0.5,1,0
PCAR,AVG,7.996309911093072,8,22
PCAR,AVHL,-0.5,1,0
PCAR,CA05,-1.0,2,0
PCAR,CA06,-0.8393972058572117,10,1
PCAR,CP01,-1.0,0,2
PCAR,CP02,-2.0,0,4
PCAR,CP03,-5.5,0,11
PCAR,CP04,-5.5,0,11
PCAR,CP05,-1.0,0,2
PCAR,CP06,-0.5,1,0
PCAR,CP07,31.99999999999978,35,32
PCAR,CP08,9.999023901510107,43,10
PCAR,HOA,7.99731629897678,8,16
PCAR,HOB,-2.0,4,0
PCAR,PCAL,-2.0,4,0
PCAR,PCAR,-3.0,0,6
PCAR,PCBR,43.0,67,43
PCAR,PDB,0.4481808382428365,1,3
PCAR,PHCL,-1.0,0,2
PCAR,PHCR,3.9633687222225316,4,4
PCAR,PHDR,-0.5,0,1
PCAR,PVV,6.995440590172228,10,7
PCAR,PVX,113.0,160,113
PCAR,PVY,-3.0,6,0
PCAR,R3BR,-1.5,0,3
PCAR,R7AR,-0.5,0,1
PCAR,R8AL,20.99999998142273,21,49
PCAR,R8AR,55.0,71,55
PCAR,R8BR,-0.5,1,0
PCAR,R9AR,13.999992516241528,14,18
PCAR,aobR,21.999999996931585,22,22
PCAR,gecR,5.987606239116668,10,6
PCAR,grtR,1.2556559421986302,2,11
PCAR,pobR,10.999716071086565,34,11
PCBL,CA05,-9.0,0,18
PCBL,CA06,17.999999855315192,19,18
PCBL,CP02,-2.0,4,0
PCBL,CP03,-9.0,18,0
PCBL,CP04,2.5768099188731566,3,17
PCBL,CP05,-7.5,15,0
PCBL,CP07,-4.0,8,0
PCBL,DX1,-0.5,1,0
PCBL,DX3,-2.0,4,0
PCBL,EF2,-0.5,0,1
PCBL,HOA,-1.5,0,3
PCBL,HOB,0.08030139707139416,1,5
PCBL,PCAL,13.999993763534606,15,14
PCBL,PCBR,1.8646647167633872,2,2
PCBL,PCCL,7.997819492918634,13,8
PCBL,PCCR,-3.0,6,0
PCBL,PHBL,-0.5,1,0
PCBL,PHCL,16.999999213411833,17,38
PCBL,PHCR,-1.0,0,2
PCBL,PVV,-0.5,0,1
PCBL,PVX,4.9730482120036585,8,5
PCBL,PVY,20.999999987867902,21,32
PCBL,PVZ,5.987606239116668,6,10
PCBL,R2BL,2.925319397448204,3,3
PCBL,R3BR,-2.5,5,0
PCBL,R4BL,-3.0,0,6
PCBL,R7BL,-1.5,0,3
PCBL,R8AL,3.9450530833337973,4,6
PCBL,R9AL,-1.0,0,2
PCBL,SPCL,4.939358477008231,18,5
PCBL,aobL,48.0,48,71
PCBL,dBWML24,-0.5,0,1
PCBL,dglR8,-0.5,0,1
PCBL,gecL,4.949465397506859,5,15
PCBL,gonad,9.999659500526782,15,10
PCBL,grtL,0.26424111765711533,1,4
PCBL,mu_anal,-1.5,3,0
PCBL,mu_sphincter,-3.5,0,7
PCBL,pobL,23.99999999894296,24,56
PCBR,CA05,-9.0,18,0
PCBR,CA06,17.999999855315192,18,19
PCBR,CP02,-2.0,0,4
PCBR,CP03,-9.0,0,18
PCBR,CP04,2.5768099188731566,17,3
PCBR,CP05,-7.5,0,15
PCBR,CP07,-4.0,0,8
PCBR,DX1,-0.5,0,1
PCBR,DX3,-2.0,0,4
PCBR,EF2,-0.5,1,0
PCBR,HOA,-1.5,3,0
PCBR,HOB,0.08030139707139416,5,1
PCBR,PCAR,13.999993763534606,14,15
PCBR,PCBL,1.8646647167633872,2,2
PCBR,PCCL,-3.0,0,6
PCBR,PCCR,7.997819492918634,8,13
PCBR,PHBR,-0.5,0,1
PCBR,PHCL,-1.0,2,0
PCBR,PHCR,16.999999213411833,38,17
PCBR,PVV,-0.5,1,0
PCBR,PVX,4.9730482120036585,5,8
PCBR,PVY,20.999999987867902,32,21
PCBR,PVZ,5.987606239116668,10,6
PCBR,R2BR,2.925319397448204,3,3
PCBR,R3BL,-2.5,0,5
PCBR,R4BR,-3.0,6,0
PCBR,R7BR,-1.5,3,0
PCBR,R8AR,3.9450530833337973,6,4
PCBR,R9AR,-1.0,2,0
PCBR,SPCR,4.939358477008231,5,18
PCBR,aobR,48.0,71,48
PCBR,dBWMR24,-0.5,1,0
PCBR,dglR8,-0.5,1,0
PCBR,gecR,4.949465397506859,15,5
PCBR,gonad,9.999659500526782,10,15
PCBR,grtR,0.26424111765711533,4,1
PCBR,mu_anal,-1.5,0,3
PCBR,mu_sphincter,-3.5,7,0
PCBR,pobR,23.99999999894296,56,24
PCCL,CA05,-3.5,7,0
PCCL,CA06,-0.5,0,1
PCCL,CP04,-3.0,0,6
PCCL,CP05,0.26424111765711533,4,1
PCCL,CP06,3.862632708334494,15,4
PCCL,HOB,-3.5,0,7
PCCL,PCBL,8.999321246077523,11,9
PCCL,PCBR,-6.5,0,13
PCCL,PCCR,0.6321205588285577,1,2
PCCL,R2BR,-5.5,11,0
PCCL,SPCL,13.999989605891011,25,14
PCCL,SPCR,-7.0,14,0
PCCL,SPVR,2.7759581923446124,9,3
PCCL,aobL,-10.5,21,0
PCCL,gonad,121.0,121,122
PCCL,pobL,20.99999999090093,24,21
PCCR,CA05,-3.5,0,7
PCCR,CA06,-0.5,1,0
PCCR,CP04,-3.0,6,0
PCCR,CP05,0.26424111765711533,1,4
PCCR,CP06,3.862632708334494,4,15
PCCR,HOB,-3.5,7,0
PCCR,PCBL,-6.5,13,0
PCCR,PCBR,8.999321246077523,9,11
PCCR,PCCL,0.6321205588285577,2,1
PCCR,R2BL,-5.5,0,11
PCCR,SPCL,-7.0,0,14
PCCR,SPCR,13.999989605891011,14,25
PCCR,SPVL,2.7759581923446124,3,9
PCCR,aobR,-10.5,0,21
PCCR,gonad,121.0,122,121
PCCR,pobR,20.99999999090093,21,24
PDA,dBWML21,0.8160602794142788,1,1
PDA,dBWML22,0.4481808382428365,1,3
PDA,dBWML23,-1.5,3,0
PDA,dBWML24,1.4586588670535492,8,2
PDA,dBWMR21,0.8160602794142788,1,1
PDA,dBWMR22,0.4481808382428365,3,1
PDA,dBWMR23,-1.5,0,3
PDA,dBWMR24,1.4586588670535492,2,8
PDB,AVHL,0.6321205588285577,2,1
PDB,AVHR,0.6321205588285577,1,2
PDB,LUAL,-0.5,1,0
PDB,LUAR,-0.5,0,1
PDB,PHBL,-3.0,0,6
PDB,PHBR,-3.0,6,0
PDB,PHCL,-0.5,0,1
PDB,PHCR,-0.5,1,0
PDB,PHDL,-1.0,2,0
PDB,PHDR,-1.0,0,2
PDB,PVNL,0.08030139707139416,5,1
PDB,PVNR,0.08030139707139416,1,5
PDB,PVQL,-1.0,0,2
PDB,PVQR,-1.0,2,0
PDB,PVWL,-0.5,1,0
PDB,PVWR,-0.5,0,1
PDB,R1BL,-0.5,0,1
PDB,R1BR,-0.5,1,0
PDB,R3BL,-1.5,3,0
PDB,R3BR,-1.5,0,3
PDB,R5BL,-2.5,0,5
PDB,R5BR,-2.5,5,0
PDB,R6AL,0.6321205588285577,2,1
PDB,R6AR,0.6321205588285577,1,2
PDB,R7BL,-0.5,1,0
PDB,R7BR,-0.5,0,1
PDB,R9AL,2.8506387948964083,6,3
PDB,R9AR,2.8506387948964083,3,6
PDB,R9BL,2.925319397448204,3,3
PDB,R9BR,2.925319397448204,3,3
PDB,dBWML22,-0.5,1,0
PDB,dBWML23,5.980169982586669,16,6
PDB,dBWML24,10.999866386393679,11,16
PDB,dBWMR22,-0.5,0,1
PDB,dBWMR23,5.980169982586669,6,16
PDB,dBWMR24,10.999866386393679,16,11
PDC,R6AL,-0.5,1,0
PDC,R6AR,-0.5,0,1
PDC,R7AL,-0.5,1,0
PDC,R7AR,-0.5,0,1
PDC,dBWML21,-1.5,3,0
PDC,dBWML22,-2.5,5,0
PDC,dBWML23,-1.0,2,0
PDC,dBWML24,-1.0,0,2
PDC,dBWMR21,-1.5,0,3
PDC,dBWMR22,-2.5,0,5
PDC,dBWMR23,-1.0,0,2
PDC,dBWMR24,-1.0,2,0
PDEL,AVKL,-6.5,13,0
PDEL,AVKR,-11.5,0,23
PDEL,DB06,-0.5,0,1
PDEL,DVA,21.999999996792113,22,23
PDEL,PDEL,-1.0,0,2
PDEL,PDER,-1.0,0,2
PDEL,PVCL,-1.0,2,0
PDEL,PVCR,-1.0,0,2
PDEL,PVM,0.6321205588285577,2,1
PDEL,PVR,2.925319397448204,3,3
PDEL,R1BL,-1.0,0,2
PDEL,SDQL,-1.0,2,0
PDEL,VA10,-0.5,1,0
PDEL,VB09,-0.5,1,0
PDEL,VB10,-0.5,0,1
PDEL,VB11,-0.5,0,1
PDEL,VD12,-1.0,0,2
PDEL,ailR,-1.0,2,0
PDEL,hyp,1.3909912254352428,2,9
PDER,AVKL,-11.5,23,0
PDER,AVKR,-6.5,0,13
PDER,DB06,-0.5,1,0
PDER,DVA,21.999999996792113,23,22
PDER,PDEL,-1.0,2,0
PDER,PDER,-1.0,2,0
PDER,PVCL,-1.0,2,0
PDER,PVCR,-1.0,0,2
PDER,PVM,0.6321205588285577,1,2
PDER,PVR,2.925319397448204,3,3
PDER,R1BR,-1.0,2,0
PDER,SDQR,-1.0,0,2
PDER,VA10,-0.5,0,1
PDER,VB09,-0.5,0,1
PDER,VB10,-0.5,1,0
PDER,VB11,-0.5,1,0
PDER,VD12,-1.0,2,0
PDER,ailL,-1.0,0,2
PDER,hyp,1.3909912254352428,9,2
PGA,PVNL,-2.0,4,0
PGA,PVNR,-2.0,0,4
PGA,R3BL,-2.0,0,4
PGA,R3BR,-2.0,4,0
PGA,R6AL,-1.5,0,3
PGA,R6AR,-1.5,3,0
PGA,R7AL,-1.0,0,2
PGA,R7AR,-1.0,2,0
PGA,R7BL,-0.103638323514327,1,6
PGA,R7BR,-0.103638323514327,6,1
PGA,R9AL,-1.5,3,0
PGA,R9AR,-1.5,0,3
PGA,R9BL,3.9542109027781644,4,5
PGA,R9BR,3.9542109027781644,5,4
PHAL,AVAL,-4.0,8,0
PHAL,AVAR,-2.0,0,4
PHAL,AVFR,-2.5,0,5
PHAL,AVG,-2.0,0,4
PHAL,CP07,4.929251556509603,5,21
PHAL,DA08,-4.0,8,0
PHAL,DA09,-0.5,0,1
PHAL,DVA,-5.5,0,11
PHAL,DX1,-1.5,3,0
PHAL,EF1,-22.0,0,44
PHAL,EF2,-18.5,0,37
PHAL,EF3,-22.0,44,0
PHAL,LUAL,-8.5,17,0
PHAL,PCAL,-1.0,0,2
PHAL,PCAR,-1.0,0,2
PHAL,PDA,-0.5,0,1
PHAL,PHAR,3.8351592500013925,18,4
PHAL,PHBL,-2.6787944117144233,1,20
PHAL,PHCL,5.967776221703337,26,6
PHAL,PHCR,-1.0,0,2
PHAL,PVCL,14.999996788025635,21,15
PHAL,PVQL,-0.5,0,1
PHAL,PVX,22.999999997793697,43,23
PHAL,PVY,-1.5,0,3
PHAL,PVZ,-13.5,0,27
PHAL,R1BL,-1.0,0,2
PHAL,R3BL,2.4772357821374285,21,3
PHAL,R3BR,-6.541528544014568,41,1
PHAL,R6BL,-3.0,0,6
PHAL,R8AL,2.8506387948964083,3,6
PHAL,R8AR,6.994072767223896,13,7
PHAL,R9AL,-4.5,9,0
PHAL,R9BR,-30.0,0,60
PHAL,ailL,-1.5,0,3
PHAR,AVAL,-2.0,4,0
PHAR,AVAR,-4.0,0,8
PHAR,AVFL,-2.5,5,0
PHAR,AVG,-2.0,4,0
PHAR,CP07,4.929251556509603,21,5
PHAR,DA08,-4.0,0,8
PHAR,DA09,-0.5,1,0
PHAR,DVA,-5.5,11,0
PHAR,DX1,-1.5,0,3
PHAR,EF1,-22.0,44,0
PHAR,EF2,-18.5,37,0
PHAR,EF3,-22.0,0,44
PHAR,LUAR,-8.5,0,17
PHAR,PCAL,-1.0,2,0
PHAR,PCAR,-1.0,2,0
PHAR,PDA,-0.5,1,0
PHAR,PHAL,3.8351592500013925,4,18
PHAR,PHBR,-2.6787944117144233,20,1
PHAR,PHCL,-1.0,2,0
PHAR,PHCR,5.967776221703337,6,26
PHAR,PVCR,14.999996788025635,15,21
PHAR,PVQR,-0.5,1,0
PHAR,PVX,22.999999997793697,23,43
PHAR,PVY,-1.5,3,0
PHAR,PVZ,-13.5,27,0
PHAR,R1BR,-1.0,2,0
PHAR,R3BL,-6.541528544014568,1,41
PHAR,R3BR,2.4772357821374285,3,21
PHAR,R6BR,-3.0,6,0
PHAR,R8AL,6.994072767223896,7,13
PHAR,R8AR,2.8506387948964083,6,3
PHAR,R9AR,-4.5,0,9
PHAR,R9BL,-30.0,60,0
PHAR,ailR,-1.5,3,0
PHBL,AVG,6.996352472137782,8,7
PHBL,AVHL,-0.5,0,1
PHBL,AVHR,-4.0,8,0
PHBL,CA07,-2.0,0,4
PHBL,CP07,-3.0,0,6
PHBL,DVE,2.7261711239767483,3,11
PHBL,DVF,-0.5,1,0
PHBL,DX1,-6.5,13,0
PHBL,DX3,-2.0,4,0
PHBL,EF1,-4.5,0,9
PHBL,EF2,-12.0,0,24
PHBL,EF3,-12.0,24,0
PHBL,HOA,3.9358952638894302,4,7
PHBL,HOB,-4.0,8,0
PHBL,PCAL,-5.5,0,11
PHBL,PDB,-5.0,0,10
PHBL,PHAL,6.995440590172228,10,7
PHBL,PHBR,4.976417185503201,7,5
PHBL,PHCL,1.1203206589620174,13,2
PHBL,PHCR,-3.0,0,6
PHBL,PQR,-0.5,1,0
PHBL,PVQL,-2.0,0,4
PHBL,PVQR,0.8160602794142788,1,1
PHBL,PVX,6.989513357396123,23,7
PHBL,PVY,3.917579625000696,9,4
PHBL,R3BL,-2.0,0,4
PHBL,R3BR,-12.0,24,0
PHBL,R8AL,-1.0,2,0
PHBL,R9AL,2.8506387948964083,3,6
PHBL,R9BR,-6.5,0,13
PHBL,cdlL,-0.5,1,0
PHBL,vspL,-1.0,0,2
PHBR,AVG,6.996352472137782,7,8
PHBR,AVHL,-4.0,0,8
PHBR,AVHR,-0.5,1,0
PHBR,CA07,-2.0,4,0
PHBR,CP07,-3.0,6,0
PHBR,DVE,2.7261711239767483,11,3
PHBR,DVF,-0.5,0,1
PHBR,DX1,-6.5,0,13
PHBR,DX3,-2.0,0,4
PHBR,EF1,-4.5,9,0
PHBR,EF2,-12.0,24,0
PHBR,EF3,-12.0,0,24
PHBR,HOA,3.9358952638894302,7,4
PHBR,HOB,-4.0,0,8
PHBR,PCAR,-5.5,11,0
PHBR,PDB,-5.0,10,0
PHBR,PHAR,6.995440590172228,7,10
PHBR,PHBL,4.976417185503201,5,7
PHBR,PHCL,-3.0,6,0
PHBR,PHCR,1.1203206589620174,2,13
PHBR,PQR,-0.5,0,1
PHBR,PVQL,0.8160602794142788,1,1
PHBR,PVQR,-2.0,4,0
PHBR,PVX,6.989513357396123,7,23
PHBR,PVY,3.917579625000696,4,9
PHBR,R3BL,-12.0,0,24
PHBR,R3BR,-2.0,4,0
PHBR,R8AR,-1.0,0,2
PHBR,R9AR,2.8506387948964083,6,3
PHBR,R9BL,-6.5,13,0
PHBR,cdlR,-0.5,0,1
PHBR,vspR,-1.0,2,0
PHCL,AS11,5.991324367381668,7,6
PHCL,AVBL,-1.0,2,0
PHCL,AVG,29.9999999999978,47,30
PHCL,AVHL,-1.0,0,2
PHCL,CA05,-5.0,0,10
PHCL,CA06,-1.0,2,0
PHCL,CP01,-5.0,10,0
PHCL,CP02,-10.0,20,0
PHCL,CP03,-13.5,27,0
PHCL,CP04,-15.0,0,30
PHCL,CP06,-0.5,1,0
PHCL,DB07,-0.5,0,1
PHCL,DD06,-1.5,0,3
PHCL,HOA,24.99999999974307,37,25
PHCL,HOB,4.96294129150503,5,11
PHCL,PCAL,-2.5,5,0
PHCL,PCBL,41.0,41,54
PHCL,PCBR,-1.5,3,0
PHCL,PDA,3.9542109027781644,4,5
PHCL,PDB,-0.5,0,1
PHCL,PGA,-0.5,1,0
PHCL,PHCL,-1.0,2,0
PHCL,PHCR,10.999858035543284,17,11
PHCL,PVNL,0.26424111765711533,1,4
PHCL,PVNR,-2.0,4,0
PHCL,PVPL,-2.0,4,0
PHCL,PVX,34.999999999999986,35,38
PHCL,PVY,40.0,40,55
PHCL,PVZ,-31.0,0,62
PHCL,R1AL,-3.0,6,0
PHCL,R2AL,-0.5,1,0
PHCL,R2AR,-0.5,1,0
PHCL,R2BL,15.999997974366854,36,16
PHCL,R4BL,-1.0,0,2
PHCL,R4BR,0.08030139707139416,5,1
PHCL,R6AL,-0.5,0,1
PHCL,R8AL,10.999899789795258,11,12
PHCL,R8AR,0.8160602794142788,1,1
PHCL,R8BR,0.6321205588285577,1,2
PHCL,R9AR,-0.5,1,0
PHCL,SPDL,2.87553232908034,5,3
PHCL,hyp,-2.5,0,5
PHCR,AS11,5.991324367381668,6,7
PHCR,AVBR,-1.0,0,2
PHCR,AVG,29.9999999999978,30,47
PHCR,AVHR,-1.0,2,0
PHCR,CA05,-5.0,10,0
PHCR,CA06,-1.0,0,2
PHCR,CP01,-5.0,0,10
PHCR,CP02,-10.0,0,20
PHCR,CP03,-13.5,0,27
PHCR,CP04,-15.0,30,0
PHCR,CP06,-0.5,0,1
PHCR,DB07,-0.5,1,0
PHCR,DD06,-1.5,3,0
PHCR,HOA,24.99999999974307,25,37
PHCR,HOB,4.96294129150503,11,5
PHCR,PCAR,-2.5,0,5
PHCR,PCBL,-1.5,0,3
PHCR,PCBR,41.0,54,41
PHCR,PDA,3.9542109027781644,5,4
PHCR,PDB,-0.5,1,0
PHCR,PGA,-0.5,0,1
PHCR,PHCL,10.999858035543284,11,17
PHCR,PHCR,-1.0,0,2
PHCR,PVNL,-2.0,0,4
PHCR,PVNR,0.26424111765711533,4,1
PHCR,PVPR,-2.0,0,4
PHCR,PVX,34.999999999999986,38,35
PHCR,PVY,40.0,55,40
PHCR,PVZ,-31.0,62,0
PHCR,R1AR,-3.0,0,6
PHCR,R2AL,-0.5,0,1
PHCR,R2AR,-0.5,0,1
PHCR,R2BR,15.999997974366854,16,36
PHCR,R4BL,0.08030139707139416,1,5
PHCR,R4BR,-1.0,2,0
PHCR,R6AR,-0.5,1,0
PHCR,R8AL,0.8160602794142788,1,1
PHCR,R8AR,10.999899789795258,12,11
PHCR,R8BL,0.6321205588285577,2,1
PHCR,R9AL,-0.5,0,1
PHCR,SPDR,2.87553232908034,3,5
PHCR,hyp,-2.5,5,0
PHDL,CP01,-1.5,3,0
PHDL,CP08,-1.5,3,0
PHDL,CP09,-1.0,2,0
PHDL,DX3,-1.0,2,0
PHDL,EF1,7.989600658535022,8,62
PHDL,EF2,-14.0,0,28
PHDL,EF3,18.9999998431217,56,19
PHDL,PCCL,-2.0,0,4
PHDL,PDB,-1.5,3,0
PHDL,PGA,-6.0,12,0
PHDL,PHDR,3.880948347223228,4,13
PHDL,PVNL,14.999995564416352,15,29
PHDL,PVNR,-8.5,0,17
PHDL,PVV,1.2556559421986302,2,11
PHDL,PVX,1.5263265086718556,2,7
PHDL,PVY,-4.5,9,0
PHDL,R2BL,-1.0,0,2
PHDL,R2BR,-3.0,0,6
PHDL,R4BL,-1.5,0,3
PHDL,R4BR,-4.5,9,0
PHDL,R7BL,-1.0,0,2
PHDL,R7BR,-5.5,0,11
PHDL,R8AL,-0.5,0,1
PHDL,R8BL,-3.5,0,7
PHDL,R8BR,0.4481808382428365,3,1
PHDL,R9AL,-1.5,0,3
PHDL,R9AR,0.08030139707139416,5,1
PHDL,SPDL,-1.0,0,2
PHDL,SPVL,-1.0,0,2
PHDR,CP01,-1.5,0,3
PHDR,CP08,-1.5,0,3
PHDR,CP09,-1.0,0,2
PHDR,DX3,-1.0,0,2
PHDR,EF1,7.989600658535022,62,8
PHDR,EF2,-14.0,28,0
PHDR,EF3,18.9999998431217,19,56
PHDR,PCCR,-2.0,4,0
PHDR,PDB,-1.5,0,3
PHDR,PGA,-6.0,0,12
PHDR,PHDL,3.880948347223228,13,4
PHDR,PVNL,-8.5,17,0
PHDR,PVNR,14.999995564416352,29,15
PHDR,PVV,1.2556559421986302,11,2
PHDR,PVX,1.5263265086718556,7,2
PHDR,PVY,-4.5,0,9
PHDR,R2BL,-3.0,6,0
PHDR,R2BR,-1.0,2,0
PHDR,R4BL,-4.5,0,9
PHDR,R4BR,-1.5,3,0
PHDR,R7BL,-5.5,11,0
PHDR,R7BR,-1.0,2,0
PHDR,R8AR,-0.5,1,0
PHDR,R8BL,0.4481808382428365,1,3
PHDR,R8BR,-3.5,7,0
PHDR,R9AL,0.08030139707139416,1,5
PHDR,R9AR,-1.5,3,0
PHDR,SPDR,-1.0,2,0
PHDR,SPVR,-1.0,2,0
PLML,AS11,-0.5,0,1
PLML,AVAL,3.9542109027781644,4,5
PLML,AVAR,-1.5,0,3
PLML,AVDL,-2.5,0,5
PLML,AVDR,4.9730482120036585,5,8
PLML,DVA,8.998827606861177,9,19
PLML,PDEL,9.9996368005619,16,10
PLML,PDER,17.999999855315192,19,18
PLML,R1AL,-2.0,4,0
PLML,VA09,-3.0,6,0
PLML,hyp,-0.8393972058572117,10,1
PLMR,AS11,-0.5,1,0
PLMR,AVAL,-1.5,3,0
PLMR,AVAR,3.9542109027781644,5,4
PLMR,AVDL,4.9730482120036585,8,5
PLMR,AVDR,-2.5,5,0
PLMR,DVA,8.998827606861177,19,9
PLMR,PDEL,17.999999855315192,18,19
PLMR,PDER,9.9996368005619,10,16
PLMR,R1AR,-2.0,0,4
PLMR,VA09,-3.0,0,6
PLMR,hyp,-0.8393972058572117,1,10
PQR,AVAL,51.0,51,55
PQR,AVAR,51.0,55,51
PQR,AVDL,8.999197836273437,13,9
PQR,AVDR,8.999197836273437,9,13
PQR,AVFL,-1.0,0,2
PQR,AVFR,-1.0,2,0
PQR,PVNL,1.7293294335267746,4,2
PQR,PVNR,1.7293294335267746,2,4
PQR,PVPL,-1.0,2,0
PQR,PVPR,-1.0,0,2
PQR,PVWL,-1.5,3,0
PQR,PVWR,-1.5,0,3
PQR,R3BL,-1.5,3,0
PQR,R3BR,-1.5,0,3
PQR,R7BL,1.796997075145081,3,2
PQR,R7BR,1.796997075145081,2,3
PQR,SPVL,-1.0,0,2
PQR,SPVR,-1.0,2,0
PVCL,AVAL,-5.0,0,10
PVCL,AVAR,-1.5,0,3
PVCL,AVDL,-0.5,0,1
PVCL,DA06,-1.0,2,0
PVCL,DA07,-0.5,1,0
PVCL,DA08,0.08030139707139416,1,5
PVCL,DB04,1.796997075145081,3,2
PVCL,DB06,6.996808413120559,7,7
PVCL,DB07,1.796997075145081,2,3
PVCL,DVA,-0.5,1,0
PVCL,PVCR,0.6321205588285577,1,2
PVCL,PVDL,-0.5,0,1
PVCL,PVDR,-1.0,0,2
PVCL,VB08,-0.5,0,1
PVCL,VB09,-0.5,0,1
PVCL,VB10,1.796997075145081,3,2
PVCL,VB11,2.900425863264272,3,4
PVCL,hyp,0.8160602794142788,1,1
PVCR,AVAL,-1.5,3,0
PVCR,AVAR,-5.0,10,0
PVCR,AVDR,-0.5,1,0
PVCR,DA06,-1.0,0,2
PVCR,DA07,-0.5,0,1
PVCR,DA08,0.08030139707139416,5,1
PVCR,DB04,1.796997075145081,2,3
PVCR,DB06,6.996808413120559,7,7
PVCR,DB07,1.796997075145081,3,2
PVCR,DVA,-0.5,0,1
PVCR,PVCL,0.6321205588285577,2,1
PVCR,PVDL,-1.0,2,0
PVCR,PVDR,-0.5,1,0
PVCR,VB08,-0.5,1,0
PVCR,VB09,-0.5,1,0
PVCR,VB10,1.796997075145081,2,3
PVCR,VB11,2.900425863264272,4,3
PVCR,hyp,0.8160602794142788,1,1
PVDL,AVAL,12.999966095058895,13,30
PVDL,AVAR,8.998210557840743,29,9
PVDL,AVDL,-0.5,1,0
PVDL,AVDR,0.8160602794142788,1,1
PVDL,AVFL,-0.5,1,0
PVDL,AVG,-4.0,8,0
PVDL,DD05,-1.5,3,0
PVDL,DVA,-2.5,0,5
PVDL,PVCL,12.9999672252236,13,29
PVDL,PVCR,28.99999999999542,36,29
PVDL,PVDR,1.3233235838169364,10,2
PVDL,PVPL,-0.5,1,0
PVDL,PVR,-2.0,0,4
PVDL,PVZ,-4.5,9,0
PVDL,VA09,-1.0,0,2
PVDL,VA12,-1.5,0,3
PVDL,VB05,-0.5,0,1
PVDL,VB06,-2.0,0,4
PVDL,VD10,-1.5,3,0
PVDL,hyp,5.991324367381668,7,6
PVDR,AVAL,8.998210557840743,9,29
PVDR,AVAR,12.999966095058895,30,13
PVDR,AVDL,0.8160602794142788,1,1
PVDR,AVDR,-0.5,0,1
PVDR,AVFR,-0.5,0,1
PVDR,AVG,-4.0,0,8
PVDR,DD05,-1.5,0,3
PVDR,DVA,-2.5,5,0
PVDR,PVCL,28.99999999999542,29,36
PVDR,PVCR,12.9999672252236,29,13
PVDR,PVDL,1.3233235838169364,2,10
PVDR,PVPR,-0.5,0,1
PVDR,PVR,-2.0,4,0
PVDR,PVZ,-4.5,0,9
PVDR,VA09,-1.0,2,0
PVDR,VA12,-1.5,3,0
PVDR,VB05,-0.5,1,0
PVDR,VB06,-2.0,4,0
PVDR,VD10,-1.5,0,3
PVDR,hyp,5.991324367381668,6,7
PVM,AVKL,-7.5,15,0
PVM,AVKR,-7.5,0,15
PVM,PDEL,1.796997075145081,2,3
PVM,PDER,1.796997075145081,3,2
PVNL,AS11,-2.5,5,0
PVNL,AVAL,-4.0,8,0
PVNL,AVAR,-3.5,7,0
PVNL,AVBL,0.6321205588285577,2,1
PVNL,AVBR,-0.5,1,0
PVNL,AVDL,-2.5,5,0
PVNL,AVDR,-0.5,1,0
PVNL,AVFL,-1.0,0,2
PVNL,AVFR,2.87553232908034,3,5
PVNL,AVG,-2.0,4,0
PVNL,AVL,-1.0,2,0
PVNL,AVR,-4.5,0,9
PVNL,CA04,-5.0,10,0
PVNL,CP07,-2.0,0,4
PVNL,CP08,-2.0,4,0
PVNL,CP09,-0.5,1,0
PVNL,DVE,-1.0,0,2
PVNL,EF1,3.917579625000696,4,9
PVNL,EF2,9.999409800913087,10,26
PVNL,EF3,11.999932413664114,22,12
PVNL,HOB,-0.5,1,0
PVNL,PDB,5.992563743470001,6,6
PVNL,PDC,-0.5,0,1
PVNL,PGA,-5.0,10,0
PVNL,PHCL,-0.5,0,1
PVNL,PHCR,-0.5,0,1
PVNL,PHDR,-7.0,14,0
PVNL,PQR,-1.0,2,0
PVNL,PVDL,0.08030139707139416,1,5
PVNL,PVNL,-0.5,1,0
PVNL,PVPL,0.6321205588285577,1,2
PVNL,PVPR,-0.5,0,1
PVNL,PVV,1.6616617919084682,2,5
PVNL,PVX,-0.6554574852714905,9,1
PVNL,PVY,5.971494349968337,23,6
PVNL,PVZ,-1.0,0,2
PVNL,R1BR,-0.5,1,0
PVNL,R2BL,-1.5,0,3
PVNL,R2BR,-0.5,1,0
PVNL,R3AL,-1.0,2,0
PVNL,R3BR,-0.5,1,0
PVNL,R4BR,-2.5,5,0
PVNL,R5BR,-1.0,2,0
PVNL,R6BL,-1.5,3,0
PVNL,R7BL,7.997987224232585,12,8
PVNL,R7BR,-5.0,10,0
PVNL,R8BL,-2.0,4,0
PVNL,SPDL,-0.5,1,0
PVNL,SPVL,-0.5,1,0
PVNL,VD12,-0.5,0,1
PVNL,VD13,-1.0,2,0
PVNR,AS11,-2.5,0,5
PVNR,AVAL,-3.5,0,7
PVNR,AVAR,-4.0,0,8
PVNR,AVBL,-0.5,0,1
PVNR,AVBR,0.6321205588285577,1,2
PVNR,AVDL,-0.5,0,1
PVNR,AVDR,-2.5,0,5
PVNR,AVFL,2.87553232908034,5,3
PVNR,AVFR,-1.0,2,0
PVNR,AVG,-2.0,0,4
PVNR,AVL,-4.5,9,0
PVNR,AVR,-1.0,0,2
PVNR,CA04,-5.0,0,10
PVNR,CP07,-2.0,4,0
PVNR,CP08,-2.0,0,4
PVNR,CP09,-0.5,0,1
PVNR,DVE,-1.0,2,0
PVNR,EF1,3.917579625000696,9,4
PVNR,EF2,9.999409800913087,26,10
PVNR,EF3,11.999932413664114,12,22
PVNR,HOB,-0.5,0,1
PVNR,PDB,5.992563743470001,6,6
PVNR,PDC,-0.5,1,0
PVNR,PGA,-5.0,0,10
PVNR,PHCL,-0.5,1,0
PVNR,PHCR,-0.5,1,0
PVNR,PHDL,-7.0,0,14
PVNR,PQR,-1.0,0,2
PVNR,PVDR,0.08030139707139416,5,1
PVNR,PVNR,-0.5,0,1
PVNR,PVPL,-0.5,1,0
PVNR,PVPR,0.6321205588285577,2,1
PVNR,PVV,1.6616617919084682,5,2
PVNR,PVX,-0.6554574852714905,1,9
PVNR,PVY,5.971494349968337,6,23
PVNR,PVZ,-1.0,2,0
PVNR,R1BL,-0.5,0,1
PVNR,R2BL,-0.5,0,1
PVNR,R2BR,-1.5,3,0
PVNR,R3AR,-1.0,0,2
PVNR,R3BL,-0.5,0,1
PVNR,R4BL,-2.5,0,5
PVNR,R5BL,-1.0,0,2
PVNR,R6BR,-1.5,0,3
PVNR,R7BL,-5.0,0,10
PVNR,R7BR,7.997987224232585,8,12
PVNR,R8BR,-2.0,0,4
PVNR,SPDR,-0.5,0,1
PVNR,SPVR,-0.5,0,1
PVNR,VD12,-0.5,1,0
PVNR,VD13,-1.0,0,2
PVPL,PVDL,-0.5,1,0
PVPR,PVDR,-0.5,0,1
PVQL,CA05,0.8160602794142788,1,1
PVQL,PDA,-0.5,0,1
PVQL,VD13,-0.5,0,1
PVQL,hyp,-0.5,1,0
PVQR,CA05,0.8160602794142788,1,1
PVQR,PDA,-0.5,1,0
PVQR,VD13,-0.5,1,0
PVQR,hyp,-0.5,0,1
PVR,PVCL,-1.0,2,0
PVR,PVCR,-1.0,0,2
PVR,R4AL,-2.0,0,4
PVR,R4AR,-2.0,4,0
PVV,AVAL,6.995440590172228,7,10
PVV,AVAR,6.995440590172228,10,7
PVV,AVBL,-2.0,0,4
PVV,AVBR,-2.0,4,0
PVV,AVFL,-0.6554574852714905,1,9
PVV,AVFR,-0.6554574852714905,9,1
PVV,PVCL,-3.0,6,0
PVV,PVCR,-3.0,0,6
PVV,PVDL,-0.5,0,1
PVV,PVDR,-0.5,1,0
PVV,PVNL,1.796997075145081,2,3
PVV,PVNR,1.796997075145081,3,2
PVV,PVWL,-1.0,0,2
PVV,PVWR,-1.0,2,0
PVV,R1AL,-2.0,4,0
PVV,R1AR,-2.0,0,4
PVV,R1BL,-1.0,0,2
PVV,R1BR,-1.0,2,0
PVV,R3AL,1.796997075145081,3,2
PVV,R3AR,1.796997075145081,2,3
PVV,R7AL,-1.0,2,0
PVV,R7AR,-1.0,0,2
PVV,R7BL,0.8160602794142788,1,1
PVV,R7BR,0.8160602794142788,1,1
PVV,R9AL,-1.5,0,3
PVV,R9AR,-1.5,3,0
PVV,SPVL,1.796997075145081,3,2
PVV,SPVR,1.796997075145081,2,3
PVV,ailL,-1.5,0,3
PVV,ailR,-1.5,3,0
PVV,dglL3,-1.5,0,3
PVV,dglR3,-1.5,3,0
PVV,vBWML21,-1.0,0,2
PVV,vBWML22,-8.0,16,0
PVV,vBWML23,-9.0,0,18
PVV,vBWMR21,-1.0,2,0
PVV,vBWMR22,-8.0,0,16
PVV,vBWMR23,-9.0,18,0
PVX,AVAL,20.999999987867902,32,21
PVX,AVAR,20.999999987867902,21,32
PVX,AVBL,7.996980836348877,8,18
PVX,AVBR,7.996980836348877,18,8
PVX,AVDL,3.9633687222225316,4,4
PVX,AVDR,3.9633687222225316,4,4
PVX,AVFL,0.6321205588285577,1,2
PVX,AVFR,0.6321205588285577,2,1
PVX,PCAL,-2.0,0,4
PVX,PCAR,-2.0,4,0
PVX,PHCL,-1.5,3,0
PVX,PHCR,-1.5,0,3
PVX,R3AL,-0.5,1,0
PVX,R3AR,-0.5,0,1
PVX,R3BL,-0.5,1,0
PVX,R3BR,-0.5,0,1
PVX,SDQL,-1.5,3,0
PVX,SDQR,-1.5,0,3
PVY,AVAL,-15.0,30,0
PVY,AVAR,-15.0,0,30
PVY,AVBL,-1.5,0,3
PVY,AVBR,-1.5,3,0
PVY,vBWML21,-0.5,0,1
PVY,vBWML22,-0.5,1,0
PVY,vBWMR21,-0.5,1,0
PVY,vBWMR22,-0.5,0,1
PVZ,PVDL,-0.5,1,0
PVZ,PVDR,-0.5,0,1
PVZ,R1BL,-0.5,0,1
PVZ,R1BR,-0.5,1,0
PVZ,ailL,5.980169982586669,6,16
PVZ,ailR,5.980169982586669,16,6
PVZ,dglL1,1.7293294335267746,4,2
PVZ,dglL2,-2.0,0,4
PVZ,dglL3,-1.5,0,3
PVZ,dglR1,1.7293294335267746,2,4
PVZ,dglR2,-2.0,4,0
PVZ,dglR3,-1.5,3,0
PVZ,vBWML18,-1.0,0,2
PVZ,vBWML19,9.999250901158918,10,33
PVZ,vBWML20,8.999197836273437,13,9
PVZ,vBWML21,0.5789795260155666,2,21
PVZ,vBWML22,-3.5,7,0
PVZ,vBWML23,-1.0,2,0
PVZ,vBWMR18,-1.0,2,0
PVZ,vBWMR19,9.999250901158918,33,10
PVZ,vBWMR20,8.999197836273437,9,13
PVZ,vBWMR21,0.5789795260155666,21,2
PVZ,vBWMR22,-3.5,0,7
PVZ,vBWMR23,-1.0,0,2
R1AL,AS11,-1.0,2,0
R1AL,PHCL,-0.5,1,0
R1AL,R1AL,-3.0,6,0
R1AL,R2AL,-5.0,0,10
R1AL,R3AL,-26.0,52,0
R1AL,R3AR,-15.5,31,0
R1AL,R4AL,-1.5,0,3
R1AL,R6AL,-1.5,0,3
R1AL,dBWML23,-1.0,2,0
R1AL,dglL6,-6.0,0,12
R1AL,dglL7,1.7293294335267746,2,4
R1AL,polL,-5.0,10,0
R1AR,AS11,-1.0,0,2
R1AR,PHCR,-0.5,0,1
R1AR,R1AR,-3.0,0,6
R1AR,R2AR,-5.0,10,0
R1AR,R3AL,-15.5,0,31
R1AR,R3AR,-26.0,0,52
R1AR,R4AR,-1.5,3,0
R1AR,R6AR,-1.5,3,0
R1AR,dBWMR23,-1.0,0,2
R1AR,dglR6,-6.0,12,0
R1AR,dglR7,1.7293294335267746,4,2
R1AR,polR,-5.0,0,10
R1BL,AVAL,-2.5,0,5
R1BL,AVAR,-0.5,0,1
R1BL,AVDL,-0.5,0,1
R1BL,AVFL,-1.0,0,2
R1BL,AVFR,-29.5,0,59
R1BL,AVG,-7.0,0,14
R1BL,CP09,-0.5,0,1
R1BL,DA09,-15.0,0,30
R1BL,DD06,-1.5,0,3
R1BL,DVA,-12.5,0,25
R1BL,DVE,-0.5,0,1
R1BL,EF2,-10.5,0,21
R1BL,EF3,-14.5,0,29
R1BL,LUAL,-2.5,0,5
R1BL,PCAL,-6.0,0,12
R1BL,PDB,1.1203206589620174,13,2
R1BL,PDC,-5.0,0,10
R1BL,PDER,-1.5,0,3
R1BL,PHAL,-1.0,0,2
R1BL,PQR,-2.0,0,4
R1BL,PVCL,-10.0,0,20
R1BL,PVDL,-2.5,0,5
R1BL,PVNL,-6.5,0,13
R1BL,PVNR,-4.5,0,9
R1BL,PVPL,-3.0,0,6
R1BL,PVV,12.999980787200041,13,17
R1BL,PVWL,-3.0,0,6
R1BL,PVWR,-3.0,0,6
R1BL,PVX,-1.0,0,2
R1BL,PVY,-8.0,0,16
R1BL,R1AL,1.4586588670535492,8,2
R1BL,R1BL,-19.5,0,39
R1BL,R1shL,-8.0,0,16
R1BL,R2AL,-2.6787944117144233,1,20
R1BL,R2BL,-1.5,0,3
R1BL,R2shL,-1.0,0,2
R1BL,R3AL,-2.5,5,0
R1BL,R3BL,1.6616617919084682,2,5
R1BL,R4AL,-1.5,0,3
R1BL,R5AL,-0.5,1,0
R1BL,R5BL,-12.0,0,24
R1BL,R6AL,-1.5,0,3
R1BL,R6BL,-2.8720701965180577,2,72
R1BL,R6BR,-5.0,0,10
R1BL,R7BL,-6.5,0,13
R1BL,R7BR,-1.0,0,2
R1BL,R9AL,-3.5,0,7
R1BL,R9BL,-1.0,0,2
R1BL,R9BR,-3.0,0,6
R1BL,VA12,-3.0,0,6
R1BL,hyp,1.6616617919084682,2,5
R1BL,vBWMR22,-6.5,0,13
R1BR,AVAL,-0.5,1,0
R1BR,AVAR,-2.5,5,0
R1BR,AVDR,-0.5,1,0
R1BR,AVFL,-29.5,59,0
R1BR,AVFR,-1.0,2,0
R1BR,AVG,-7.0,14,0
R1BR,CP09,-0.5,1,0
R1BR,DA09,-15.0,30,0
R1BR,DD06,-1.5,3,0
R1BR,DVA,-12.5,25,0
R1BR,DVE,-0.5,1,0
R1BR,EF2,-10.5,21,0
R1BR,EF3,-14.5,29,0
R1BR,LUAR,-2.5,5,0
R1BR,PCAR,-6.0,12,0
R1BR,PDB,1.1203206589620174,2,13
R1BR,PDC,-5.0,10,0
R1BR,PDEL,-1.5,3,0
R1BR,PHAR,-1.0,2,0
R1BR,PQR,-2.0,4,0
R1BR,PVCR,-10.0,20,0
R1BR,PVDR,-2.5,5,0
R1BR,PVNL,-4.5,9,0
R1BR,PVNR,-6.5,13,0
R1BR,PVPR,-3.0,6,0
R1BR,PVV,12.999980787200041,17,13
R1BR,PVWL,-3.0,6,0
R1BR,PVWR,-3.0,6,0
R1BR,PVX,-1.0,2,0
R1BR,PVY,-8.0,16,0
R1BR,R1AR,1.4586588670535492,2,8
R1BR,R1BR,-19.5,39,0
R1BR,R1shR,-8.0,16,0
R1BR,R2AR,-2.6787944117144233,20,1
R1BR,R2BR,-1.5,3,0
R1BR,R2shR,-1.0,2,0
R1BR,R3AR,-2.5,0,5
R1BR,R3BR,1.6616617919084682,5,2
R1BR,R4AR,-1.5,3,0
R1BR,R5AR,-0.5,0,1
R1BR,R5BR,-12.0,24,0
R1BR,R6AR,-1.5,3,0
R1BR,R6BL,-5.0,10,0
R1BR,R6BR,-2.8720701965180577,72,2
R1BR,R7BL,-1.0,2,0
R1BR,R7BR,-6.5,13,0
R1BR,R9AR,-3.5,7,0
R1BR,R9BL,-3.0,6,0
R1BR,R9BR,-1.0,2,0
R1BR,VA12,-3.0,6,0
R1BR,hyp,1.6616617919084682,5,2
R1BR,vBWML22,-6.5,13,0
R2AL,AVBL,-2.0,4,0
R2AL,AVBR,-1.0,2,0
R2AL,AVG,-3.5,7,0
R2AL,CP07,-7.0,14,0
R2AL,CP08,1.7293294335267746,4,2
R2AL,CP09,-0.8393972058572117,10,1
R2AL,DD06,9.999364400983325,28,10
R2AL,HOA,-2.5,5,0
R2AL,PHCL,-3.0,6,0
R2AL,PHCR,-0.5,1,0
R2AL,PVQR,-0.5,1,0
R2AL,PVX,-0.5,1,0
R2AL,R1AL,1.3909912254352428,2,9
R2AL,R2AL,3.7710545138908227,4,25
R2AL,R2AR,62.0,81,62
R2AL,R4AL,14.999996482123315,23,15
R2AL,R6AL,-0.5,0,1
R2AL,VD11,-1.0,2,0
R2AL,dglL4,-2.0,4,0
R2AL,dglL5,-0.5,0,1
R2AL,dglL6,-0.5,0,1
R2AL,hyp,-1.5,3,0
R2AR,AVBL,-1.0,0,2
R2AR,AVBR,-2.0,0,4
R2AR,AVG,-3.5,0,7
R2AR,CP07,-7.0,0,14
R2AR,CP08,1.7293294335267746,2,4
R2AR,CP09,-0.8393972058572117,1,10
R2AR,DD06,9.999364400983325,10,28
R2AR,HOA,-2.5,0,5
R2AR,PHCL,-0.5,0,1
R2AR,PHCR,-3.0,0,6
R2AR,PVQL,-0.5,0,1
R2AR,PVX,-0.5,0,1
R2AR,R1AR,1.3909912254352428,9,2
R2AR,R2AL,62.0,62,81
R2AR,R2AR,3.7710545138908227,25,4
R2AR,R4AR,14.999996482123315,15,23
R2AR,R6AR,-0.5,1,0
R2AR,VD11,-1.0,0,2
R2AR,dglR4,-2.0,0,4
R2AR,dglR5,-0.5,1,0
R2AR,dglR6,-0.5,1,0
R2AR,hyp,-1.5,0,3
R2BL,AVKR,-1.0,2,0
R2BL,CA04,-19.5,0,39
R2BL,CA05,-1.0,0,2
R2BL,CP01,-2.5,5,0
R2BL,CP02,-1.5,3,0
R2BL,CP03,-11.5,23,0
R2BL,CP04,-13.0,0,26
R2BL,CP08,-1.5,3,0
R2BL,DVF,-1.0,2,0
R2BL,EF1,8.999382950979566,10,9
R2BL,EF3,2.1785133719302445,33,3
R2BL,HOA,-2.5,0,5
R2BL,HOB,-6.0,0,12
R2BL,PCAL,-6.0,0,12
R2BL,PCAR,-1.0,0,2
R2BL,PCBL,3.697791958335886,4,33
R2BL,PDB,-4.5,0,9
R2BL,PGA,-1.0,0,2
R2BL,PHCL,86.0,99,86
R2BL,PHCR,-0.5,1,0
R2BL,PHDL,-3.0,6,0
R2BL,PHDR,-6.0,12,0
R2BL,PVNL,-4.0,8,0
R2BL,PVX,-4.0,8,0
R2BL,PVY,26.99999999996147,27,41
R2BL,PVZ,-14.0,0,28
R2BL,R1AL,-1.0,2,0
R2BL,R1BL,-1.0,2,0
R2BL,R2BL,16.99999925481121,36,17
R2BL,R2BR,-1.0,2,0
R2BL,R3AL,11.999947774194997,17,12
R2BL,R4AL,5.977691230410003,18,6
R2BL,R4BL,-2.12697524995726,17,1
R2BL,R4BR,6.995440590172228,10,7
R2BL,R6AL,9.999319001053562,30,10
R2BL,R6BL,-1.0,2,0
R2BL,R7AL,0.646647167633873,2,20
R2BL,R7AR,-7.5,0,15
R2BL,R7BL,18.999999893546867,38,19
R2BL,R7BR,-0.5,0,1
R2BL,R8AL,18.999999918759453,29,19
R2BL,R8AR,1.593994150290162,2,6
R2BL,R8BL,5.978930606498336,6,17
R2BL,R8BR,-1.5,3,0
R2BL,R9AL,-2.5,5,0
R2BL,R9BR,-1.0,2,0
R2BL,SPCL,4.966310265004573,10,5
R2BL,SPDL,2.87553232908034,3,5
R2BL,hyp,-0.5,1,0
R2BR,AVKL,-1.0,0,2
R2BR,CA04,-19.5,39,0
R2BR,CA05,-1.0,2,0
R2BR,CP01,-2.5,0,5
R2BR,CP02,-1.5,0,3
R2BR,CP03,-11.5,0,23
R2BR,CP04,-13.0,26,0
R2BR,CP08,-1.5,0,3
R2BR,DVF,-1.0,0,2
R2BR,EF1,8.999382950979566,9,10
R2BR,EF3,2.1785133719302445,3,33
R2BR,HOA,-2.5,5,0
R2BR,HOB,-6.0,12,0
R2BR,PCAL,-1.0,2,0
R2BR,PCAR,-6.0,12,0
R2BR,PCBR,3.697791958335886,33,4
R2BR,PDB,-4.5,9,0
R2BR,PGA,-1.0,2,0
R2BR,PHCL,-0.5,0,1
R2BR,PHCR,86.0,86,99
R2BR,PHDL,-6.0,0,12
R2BR,PHDR,-3.0,0,6
R2BR,PVNR,-4.0,0,8
R2BR,PVX,-4.0,0,8
R2BR,PVY,26.99999999996147,41,27
R2BR,PVZ,-14.0,28,0
R2BR,R1AR,-1.0,0,2
R2BR,R1BR,-1.0,0,2
R2BR,R2BL,-1.0,0,2
R2BR,R2BR,16.99999925481121,17,36
R2BR,R3AR,11.999947774194997,12,17
R2BR,R4AR,5.977691230410003,6,18
R2BR,R4BL,6.995440590172228,7,10
R2BR,R4BR,-2.12697524995726,1,17
R2BR,R6AR,9.999319001053562,10,30
R2BR,R6BR,-1.0,0,2
R2BR,R7AL,-7.5,15,0
R2BR,R7AR,0.646647167633873,20,2
R2BR,R7BL,-0.5,1,0
R2BR,R7BR,18.999999893546867,19,38
R2BR,R8AL,1.593994150290162,6,2
R2BR,R8AR,18.999999918759453,19,29
R2BR,R8BL,-1.5,0,3
R2BR,R8BR,5.978930606498336,17,6
R2BR,R9AR,-2.5,0,5
R2BR,R9BL,-1.0,0,2
R2BR,SPCR,4.966310265004573,5,10
R2BR,SPDR,2.87553232908034,5,3
R2BR,hyp,-0.5,0,1
R2shL,R1BL,-2.5,0,5
R2shL,R2AL,-2.5,0,5
R2shR,R1BR,-2.5,5,0
R2shR,R2AR,-2.5,5,0
R3AL,AVAL,-2.0,4,0
R3AL,AVAR,0.6321205588285577,1,2
R3AL,DD06,-0.5,1,0
R3AL,PDC,-2.0,0,4
R3AL,R1AL,-19.5,39,0
R3AL,R1AR,-14.0,0,28
R3AL,R2AL,-1.0,2,0
R3AL,R3AR,39.0,42,39
R3AL,R4AL,-2.0,4,0
R3AL,R4AR,1.5263265086718556,2,7
R3AL,R5AL,5.991324367381668,6,7
R3AL,R5AR,-0.5,0,1
R3AL,cdlL,0.8160602794142788,1,1
R3AL,dglL7,-1.0,0,2
R3AL,polL,39.0,48,39
R3AR,AVAL,0.6321205588285577,2,1
R3AR,AVAR,-2.0,0,4
R3AR,DD06,-0.5,0,1
R3AR,PDC,-2.0,4,0
R3AR,R1AL,-14.0,28,0
R3AR,R1AR,-19.5,0,39
R3AR,R2AR,-1.0,0,2
R3AR,R3AL,39.0,39,42
R3AR,R4AL,1.5263265086718556,7,2
R3AR,R4AR,-2.0,0,4
R3AR,R5AL,-0.5,1,0
R3AR,R5AR,5.991324367381668,7,6
R3AR,cdlR,0.8160602794142788,1,1
R3AR,dglR7,-1.0,2,0
R3AR,polR,39.0,39,48
R3BL,AVAR,-7.0,0,14
R3BL,AVFL,1.7293294335267746,2,4
R3BL,AVFR,-4.5,9,0
R3BL,AVG,-1.5,0,3
R3BL,AVHL,-3.5,0,7
R3BL,CP04,-0.5,0,1
R3BL,CP07,8.999197836273437,9,13
R3BL,CP08,-1.0,0,2
R3BL,CP09,-1.5,0,3
R3BL,DA09,-1.0,0,2
R3BL,DB07,-6.0,0,12
R3BL,DX2,-14.0,28,0
R3BL,DX3,-6.5,0,13
R3BL,EF1,-30.0,60,0
R3BL,EF2,21.999999996792113,23,22
R3BL,EF3,65.0,65,98
R3BL,HOB,-5.0,10,0
R3BL,PCAR,-1.0,0,2
R3BL,PCBR,1.796997075145081,2,3
R3BL,PDB,-4.0,8,0
R3BL,PGA,-2.0,0,4
R3BL,PHAR,-6.0,0,12
R3BL,PHBL,-2.0,0,4
R3BL,PHBR,-5.0,0,10
R3BL,PHCL,-5.0,0,10
R3BL,PHCR,-7.5,0,15
R3BL,PHDL,-0.5,0,1
R3BL,PHDR,-3.0,0,6
R3BL,PQR,5.982648734763336,14,6
R3BL,PVNL,-2.0,4,0
R3BL,PVNR,5.952903708643339,6,38
R3BL,PVV,8.998457377448917,25,9
R3BL,PVX,-19.5,0,39
R3BL,PVY,-7.0,0,14
R3BL,PVZ,-1.0,0,2
R3BL,R1AL,1.3233235838169364,10,2
R3BL,R1BR,-2.5,5,0
R3BL,R3AL,8.99925954117548,9,12
R3BL,R3BL,-0.5,0,1
R3BL,R3BR,-1.0,0,2
R3BL,R4AL,-2.0,4,0
R3BL,R4BL,-0.5,1,0
R3BL,R5AL,0.4481808382428365,3,1
R3BL,R5BL,1.5263265086718556,2,7
R3BL,R6AL,-0.5,1,0
R3BL,R6BL,-14.5,29,0
R3BL,R6BR,-2.5,5,0
R3BL,R7BR,-4.0,8,0
R3BL,R9AL,-1.0,0,2
R3BL,R9AR,2.6017034530570884,3,16
R3BL,R9BR,-5.0,10,0
R3BL,dglL6,-3.5,7,0
R3BL,hyp,-1.0,2,0
R3BR,AVAL,-7.0,14,0
R3BR,AVFL,-4.5,0,9
R3BR,AVFR,1.7293294335267746,4,2
R3BR,AVG,-1.5,3,0
R3BR,AVHR,-3.5,7,0
R3BR,CP04,-0.5,1,0
R3BR,CP07,8.999197836273437,13,9
R3BR,CP08,-1.0,2,0
R3BR,CP09,-1.5,3,0
R3BR,DA09,-1.0,2,0
R3BR,DB07,-6.0,12,0
R3BR,DX2,-14.0,0,28
R3BR,DX3,-6.5,13,0
R3BR,EF1,-30.0,0,60
R3BR,EF2,21.999999996792113,22,23
R3BR,EF3,65.0,98,65
R3BR,HOB,-5.0,0,10
R3BR,PCAL,-1.0,2,0
R3BR,PCBL,1.796997075145081,3,2
R3BR,PDB,-4.0,0,8
R3BR,PGA,-2.0,4,0
R3BR,PHAL,-6.0,12,0
R3BR,PHBL,-5.0,10,0
R3BR,PHBR,-2.0,4,0
R3BR,PHCL,-7.5,15,0
R3BR,PHCR,-5.0,10,0
R3BR,PHDL,-3.0,6,0
R3BR,PHDR,-0.5,1,0
R3BR,PQR,5.982648734763336,6,14
R3BR,PVNL,5.952903708643339,38,6
R3BR,PVNR,-2.0,0,4
R3BR,PVV,8.998457377448917,9,25
R3BR,PVX,-19.5,39,0
R3BR,PVY,-7.0,14,0
R3BR,PVZ,-1.0,2,0
R3BR,R1AR,1.3233235838169364,2,10
R3BR,R1BL,-2.5,0,5
R3BR,R3AR,8.99925954117548,12,9
R3BR,R3BL,-1.0,2,0
R3BR,R3BR,-0.5,1,0
R3BR,R4AR,-2.0,0,4
R3BR,R4BR,-0.5,0,1
R3BR,R5AR,0.4481808382428365,1,3
R3BR,R5BR,1.5263265086718556,7,2
R3BR,R6AR,-0.5,0,1
R3BR,R6BL,-2.5,0,5
R3BR,R6BR,-14.5,0,29
R3BR,R7BL,-4.0,0,8
R3BR,R9AL,2.6017034530570884,16,3
R3BR,R9AR,-1.0,2,0
R3BR,R9BL,-5.0,0,10
R3BR,dglR6,-3.5,0,7
R3BR,hyp,-1.0,0,2
R4AL,AS11,-1.5,0,3
R4AL,AVFL,-1.0,0,2
R4AL,CA04,-10.5,0,21
R4AL,HOB,-0.5,0,1
R4AL,PDC,-1.5,0,3
R4AL,PVV,2.900425863264272,4,3
R4AL,R1AL,4.935989503508688,5,19
R4AL,R1BL,0.8160602794142788,1,1
R4AL,R2AL,1.1879883005803238,12,2
R4AL,R2BL,-0.5,1,0
R4AL,R3AL,0.8160602794142788,1,1
R4AL,R3AR,1.593994150290162,2,6
R4AL,R3BR,-1.5,3,0
R4AL,R4AL,20.999999991280056,23,21
R4AL,R4AR,80.0,80,91
R4AL,R5AL,10.999891438944863,11,13
R4AL,R5AR,-7.5,15,0
R4AL,R5BL,-1.0,0,2
R4AL,R6AL,25.999999999931028,27,26
R4AL,R6AR,-2.5,5,0
R4AL,R7AL,-1.0,2,0
R4AL,R7BL,-4.5,9,0
R4AL,R7BR,-3.5,0,7
R4AL,cdlL,-0.103638323514327,6,1
R4AL,dBWMR24,-0.5,0,1
R4AL,dglL7,-3.5,7,0
R4AL,dglR8,-5.0,0,10
R4AL,hyp,7.9953035232093645,28,8
R4AL,polL,10.99988308809447,14,11
R4AL,vBWML21,-4.0,8,0
R4AL,vBWML22,-1.0,0,2
R4AR,AS11,-1.5,3,0
R4AR,AVFR,-1.0,2,0
R4AR,CA04,-10.5,21,0
R4AR,HOB,-0.5,1,0
R4AR,PDC,-1.5,3,0
R4AR,PVV,2.900425863264272,3,4
R4AR,R1AR,4.935989503508688,19,5
R4AR,R1BR,0.8160602794142788,1,1
R4AR,R2AR,1.1879883005803238,2,12
R4AR,R2BR,-0.5,0,1
R4AR,R3AL,1.593994150290162,6,2
R4AR,R3AR,0.8160602794142788,1,1
R4AR,R3BL,-1.5,0,3
R4AR,R4AL,80.0,91,80
R4AR,R4AR,20.999999991280056,21,23
R4AR,R5AL,-7.5,0,15
R4AR,R5AR,10.999891438944863,13,11
R4AR,R5BR,-1.0,2,0
R4AR,R6AL,-2.5,0,5
R4AR,R6AR,25.999999999931028,26,27
R4AR,R7AR,-1.0,0,2
R4AR,R7BL,-3.5,7,0
R4AR,R7BR,-4.5,0,9
R4AR,cdlR,-0.103638323514327,1,6
R4AR,dBWML24,-0.5,1,0
R4AR,dglR7,-3.5,0,7
R4AR,dglR8,-5.0,10,0
R4AR,hyp,7.9953035232093645,8,28
R4AR,polR,10.99988308809447,11,14
R4AR,vBWMR21,-4.0,0,8
R4AR,vBWMR22,-1.0,2,0
R4BL,AS11,-10.5,0,21
R4BL,CP02,-2.0,4,0
R4BL,CP03,3.9542109027781644,4,5
R4BL,EF1,17.999999847700202,18,20
R4BL,EF2,0.9849853757254048,2,15
R4BL,EF3,4.96294129150503,5,11
R4BL,PDB,3.9450530833337973,6,4
R4BL,PHCL,11.999941629982644,19,12
R4BL,PHCR,18.999999943972036,20,19
R4BL,PHDL,-0.5,0,1
R4BL,PVNL,2.900425863264272,3,4
R4BL,PVY,6.9936168262411185,14,7
R4BL,R1AL,-1.5,3,0
R4BL,R2BL,-2.6787944117144233,1,20
R4BL,R2BR,4.939358477008231,5,18
R4BL,R3AL,16.99999956530654,17,21
R4BL,R3shL,-0.5,1,0
R4BL,R4AL,-0.103638323514327,6,1
R4BL,R4BL,-1.5,0,3
R4BL,R4BR,0.6321205588285577,1,2
R4BL,R5BL,-1.0,2,0
R4BL,R5shL,-0.5,1,0
R4BL,R6AL,-17.0,0,34
R4BL,R6BL,-0.5,1,0
R4BL,R7AL,-0.5,0,1
R4BL,R7AR,-0.5,1,0
R4BL,R7BL,0.26424111765711533,4,1
R4BL,R7BR,-1.0,2,0
R4BL,R8AL,-3.0,6,0
R4BL,R8BL,9.9996368005619,10,16
R4BL,R8BR,6.994528708206673,7,12
R4BL,R9BL,-1.5,3,0
R4BL,R9BR,-1.5,0,3
R4BL,SPVR,-1.0,0,2
R4BR,AS11,-10.5,21,0
R4BR,CP02,-2.0,0,4
R4BR,CP03,3.9542109027781644,5,4
R4BR,EF1,17.999999847700202,20,18
R4BR,EF2,0.9849853757254048,15,2
R4BR,EF3,4.96294129150503,11,5
R4BR,PDB,3.9450530833337973,4,6
R4BR,PHCL,18.999999943972036,19,20
R4BR,PHCR,11.999941629982644,12,19
R4BR,PHDR,-0.5,1,0
R4BR,PVNR,2.900425863264272,4,3
R4BR,PVY,6.9936168262411185,7,14
R4BR,R1AR,-1.5,0,3
R4BR,R2BL,4.939358477008231,18,5
R4BR,R2BR,-2.6787944117144233,20,1
R4BR,R3AR,16.99999956530654,21,17
R4BR,R3shR,-0.5,0,1
R4BR,R4AR,-0.103638323514327,1,6
R4BR,R4BL,0.6321205588285577,2,1
R4BR,R4BR,-1.5,3,0
R4BR,R5BR,-1.0,0,2
R4BR,R5shR,-0.5,0,1
R4BR,R6AR,-17.0,34,0
R4BR,R6BR,-0.5,0,1
R4BR,R7AL,-0.5,0,1
R4BR,R7AR,-0.5,1,0
R4BR,R7BL,-1.0,0,2
R4BR,R7BR,0.26424111765711533,1,4
R4BR,R8AR,-3.0,0,6
R4BR,R8BL,6.994528708206673,12,7
R4BR,R8BR,9.9996368005619,16,10
R4BR,R9BL,-1.5,3,0
R4BR,R9BR,-1.5,0,3
R4BR,SPVL,-1.0,2,0
R5AL,AVKR,-1.5,0,3
R5AL,CP07,-1.0,0,2
R5AL,PDB,0.4481808382428365,3,1
R5AL,PDC,5.990084991293335,8,6
R5AL,PVV,2.900425863264272,3,4
R5AL,R3AL,1.796997075145081,2,3
R5AL,R3AR,-1.0,0,2
R5AL,R4AL,14.999997399830276,17,15
R5AL,R4AR,12.999979657035338,18,13
R5AL,R5AR,2.7012775897928165,3,12
R5AL,R5BL,2.8506387948964083,6,3
R5AL,R6AL,4.979786159002743,5,6
R5AL,R7AL,-0.5,1,0
R5AL,VD12,-0.5,0,1
R5AL,cdlL,0.4481808382428365,3,1
R5AL,polL,-1.5,3,0
R5AL,vBWML21,-1.0,2,0
R5AL,vBWML22,0.6321205588285577,1,2
R5AL,vBWMR24,-1.0,0,2
R5AR,AVKL,-1.5,3,0
R5AR,CP07,-1.0,2,0
R5AR,PDB,0.4481808382428365,1,3
R5AR,PDC,5.990084991293335,6,8
R5AR,PVV,2.900425863264272,4,3
R5AR,R3AL,-1.0,2,0
R5AR,R3AR,1.796997075145081,3,2
R5AR,R4AL,12.999979657035338,13,18
R5AR,R4AR,14.999997399830276,15,17
R5AR,R5AL,2.7012775897928165,12,3
R5AR,R5BR,2.8506387948964083,3,6
R5AR,R6AR,4.979786159002743,6,5
R5AR,R7AR,-0.5,0,1
R5AR,VD12,-0.5,1,0
R5AR,cdlR,0.4481808382428365,1,3
R5AR,polR,-1.5,0,3
R5AR,vBWMR21,-1.0,0,2
R5AR,vBWMR22,0.6321205588285577,2,1
R5AR,vBWMR24,-1.0,2,0
R5BL,AS11,-1.0,0,2
R5BL,AVAL,-0.5,0,1
R5BL,AVFL,-11.0,0,22
R5BL,AVFR,-2.5,0,5
R5BL,AVG,-2.5,0,5
R5BL,AVKR,-0.5,1,0
R5BL,CA04,-0.5,1,0
R5BL,EF2,-2.0,0,4
R5BL,EF3,-1.5,0,3
R5BL,HOB,-0.5,0,1
R5BL,LUAR,-1.0,0,2
R5BL,PDC,-6.5,0,13
R5BL,PHAL,-0.5,0,1
R5BL,PHAR,-2.0,0,4
R5BL,PHCL,-0.5,1,0
R5BL,PVCR,-6.0,0,12
R5BL,PVNL,-4.0,0,8
R5BL,PVV,-21.5,0,43
R5BL,PVY,-2.5,0,5
R5BL,R1BL,-8.0,0,16
R5BL,R2AL,1.6616617919084682,2,5
R5BL,R3AL,2.900425863264272,3,4
R5BL,R3BL,-0.47151776468576934,1,8
R5BL,R4AL,0.4481808382428365,1,3
R5BL,R4BL,-1.5,3,0
R5BL,R4BR,-0.5,1,0
R5BL,R5AL,2.87553232908034,5,3
R5BL,R5shL,-0.5,1,0
R5BL,R6AL,1.8646647167633872,2,2
R5BL,R7AL,2.6763840556088843,13,3
R5BL,R7BL,-4.886071058743077,1,32
R5BL,R7BR,-1.5,0,3
R5BL,R9AL,-1.0,0,2
R5BL,R9BL,-2.0,0,4
R5BL,cdlL,8.999382950979566,9,10
R5BL,dBWML22,-1.5,3,0
R5BL,dBWML23,-2.5,5,0
R5BL,dglL6,-0.5,1,0
R5BL,dglL7,-0.5,1,0
R5BL,hyp,-0.8393972058572117,1,10
R5BL,polL,-0.5,1,0
R5BL,vBWML21,-0.5,1,0
R5BL,vBWML22,0.4481808382428365,1,3
R5BL,vBWMR24,-2.0,0,4
R5BR,AS11,-1.0,2,0
R5BR,AVAR,-0.5,1,0
R5BR,AVFL,-2.5,5,0
R5BR,AVFR,-11.0,22,0
R5BR,AVG,-2.5,5,0
R5BR,AVKL,-0.5,0,1
R5BR,CA04,-0.5,0,1
R5BR,EF2,-2.0,4,0
R5BR,EF3,-1.5,3,0
R5BR,HOB,-0.5,1,0
R5BR,LUAL,-1.0,2,0
R5BR,PDC,-6.5,13,0
R5BR,PHAL,-2.0,4,0
R5BR,PHAR,-0.5,1,0
R5BR,PHCR,-0.5,0,1
R5BR,PVCL,-6.0,12,0
R5BR,PVNR,-4.0,8,0
R5BR,PVV,-21.5,43,0
R5BR,PVY,-2.5,5,0
R5BR,R1BR,-8.0,16,0
R5BR,R2AR,1.6616617919084682,5,2
R5BR,R3AR,2.900425863264272,4,3
R5BR,R3BR,-0.47151776468576934,8,1
R5BR,R4AR,0.4481808382428365,3,1
R5BR,R4BL,-0.5,0,1
R5BR,R4BR,-1.5,0,3
R5BR,R5AR,2.87553232908034,3,5
R5BR,R5shR,-0.5,0,1
R5BR,R6AR,1.8646647167633872,2,2
R5BR,R7AR,2.6763840556088843,3,13
R5BR,R7BL,-1.5,3,0
R5BR,R7BR,-4.886071058743077,32,1
R5BR,R9AR,-1.0,2,0
R5BR,R9BR,-2.0,4,0
R5BR,cdlR,8.999382950979566,10,9
R5BR,dBWMR22,-1.5,0,3
R5BR,dBWMR23,-2.5,0,5
R5BR,dglR6,-0.5,0,1
R5BR,dglR7,-0.5,0,1
R5BR,hyp,-0.8393972058572117,10,1
R5BR,polR,-0.5,0,1
R5BR,vBWMR21,-0.5,0,1
R5BR,vBWMR22,0.4481808382428365,3,1
R5BR,vBWMR24,-2.0,4,0
R6AL,AS11,-1.5,0,3
R6AL,CP07,3.9542109027781644,5,4
R6AL,CP08,4.885454901015547,5,34
R6AL,CP09,-0.8393972058572117,1,10
R6AL,EF2,-2.0,0,4
R6AL,PDB,2.8506387948964083,3,6
R6AL,PDC,0.4481808382428365,3,1
R6AL,PLML,-0.5,0,1
R6AL,PLNL,-0.5,0,1
R6AL,PVV,16.9999994618081,17,26
R6AL,PVX,-8.5,0,17
R6AL,R3AL,-0.5,1,0
R6AL,R5AL,17.999999847700202,18,20
R6AL,R5BL,2.925319397448204,3,3
R6AL,R6AL,0.08030139707139416,5,1
R6AL,R6AR,-1.0,2,0
R6AL,R7AL,27.999999999984787,28,44
R6AL,R7AR,3.862632708334494,15,4
R6AL,R7BR,-3.0,0,6
R6AL,ailL,-1.5,3,0
R6AL,cdlL,-1.5,3,0
R6AL,dglL5,-2.0,4,0
R6AL,dglR8,-1.0,0,2
R6AL,polL,-0.5,1,0
R6AR,AS11,-1.5,3,0
R6AR,CP07,3.9542109027781644,4,5
R6AR,CP08,4.885454901015547,34,5
R6AR,CP09,-0.8393972058572117,10,1
R6AR,EF2,-2.0,4,0
R6AR,PDB,2.8506387948964083,6,3
R6AR,PDC,0.4481808382428365,1,3
R6AR,PLMR,-0.5,1,0
R6AR,PLNR,-0.5,1,0
R6AR,PVV,16.9999994618081,26,17
R6AR,PVX,-8.5,17,0
R6AR,R3AR,-0.5,0,1
R6AR,R5AR,17.999999847700202,20,18
R6AR,R5BR,2.925319397448204,3,3
R6AR,R6AL,-1.0,0,2
R6AR,R6AR,0.08030139707139416,1,5
R6AR,R7AL,3.862632708334494,4,15
R6AR,R7AR,27.999999999984787,44,28
R6AR,R7BL,-3.0,6,0
R6AR,ailR,-1.5,0,3
R6AR,cdlR,-1.5,0,3
R6AR,dglR5,-2.0,0,4
R6AR,dglR8,-1.0,2,0
R6AR,polR,-0.5,0,1
R6BL,AVFR,-1.0,0,2
R6BL,EF1,-12.0,0,24
R6BL,EF2,6.982218301671687,7,39
R6BL,EF3,9.999092001404751,40,10
R6BL,PHBL,-0.5,0,1
R6BL,R1BL,12.99998417769415,13,14
R6BL,R3AL,-1.5,3,0
R6BL,R3BL,-1.112711514442092,46,2
R6BL,R3BR,-11.0,0,22
R6BL,R5AL,-1.0,2,0
R6BL,R5BR,-0.5,1,0
R6BL,R7BL,-2.5,5,0
R6BL,R7BR,-1.0,2,0
R6BL,R9AR,-1.0,2,0
R6BL,R9BR,-36.0,0,72
R6BR,AVFL,-1.0,2,0
R6BR,EF1,-12.0,24,0
R6BR,EF2,6.982218301671687,39,7
R6BR,EF3,9.999092001404751,10,40
R6BR,PHBR,-0.5,1,0
R6BR,R1BR,12.99998417769415,14,13
R6BR,R3AR,-1.5,0,3
R6BR,R3BL,-11.0,22,0
R6BR,R3BR,-1.112711514442092,2,46
R6BR,R5AR,-1.0,0,2
R6BR,R5BL,-0.5,0,1
R6BR,R7BL,-1.0,0,2
R6BR,R7BR,-2.5,0,5
R6BR,R9AL,-1.0,0,2
R6BR,R9BL,-36.0,72,0
R7AL,AVFR,-1.5,3,0
R7AL,CA04,3.899263986111962,4,11
R7AL,CA05,5.987606239116668,6,10
R7AL,CP07,-1.5,3,0
R7AL,CP08,3.9450530833337973,4,6
R7AL,CP09,2.8506387948964083,3,6
R7AL,EF2,-2.5,5,0
R7AL,PDB,-1.7590958087858173,1,15
R7AL,PDC,8.99851908235096,9,24
R7AL,PGA,7.997484030290731,8,15
R7AL,PHCR,0.6321205588285577,1,2
R7AL,PHDR,-1.0,0,2
R7AL,PVV,15.999998649577904,16,24
R7AL,PVX,-1.0,2,0
R7AL,PVY,-1.0,0,2
R7AL,R2BL,-4.0,0,8
R7AL,R2BR,-1.5,3,0
R7AL,R3AL,-2.0,4,0
R7AL,R4AL,-1.0,0,2
R7AL,R4BL,5.982648734763336,6,14
R7AL,R5BL,4.979786159002743,6,5
R7AL,R6AL,8.998395672546874,9,26
R7AL,R6AR,4.939358477008231,5,18
R7AL,R6BL,-0.5,0,1
R7AL,R7AL,1.796997075145081,3,2
R7AL,R7AR,7.9981549555465365,8,11
R7AL,R7BL,4.9730482120036585,5,8
R7AL,R7BR,-2.5,5,0
R7AL,R9AL,-3.0,0,6
R7AL,R9BL,-1.0,0,2
R7AL,R9BR,-2.0,0,4
R7AL,VB09,-1.0,0,2
R7AL,VB10,-1.0,0,2
R7AL,cdlL,-1.0,2,0
R7AL,dBWML23,-0.5,1,0
R7AL,grtL,-7.0,14,0
R7AL,hyp,1.593994150290162,2,6
R7AL,polL,-1.0,2,0
R7AL,vBWML21,-0.5,1,0
R7AR,AVFL,-1.5,0,3
R7AR,CA04,3.899263986111962,11,4
R7AR,CA05,5.987606239116668,10,6
R7AR,CP07,-1.5,0,3
R7AR,CP08,3.9450530833337973,6,4
R7AR,CP09,2.8506387948964083,6,3
R7AR,EF2,-2.5,0,5
R7AR,PDB,-1.7590958087858173,15,1
R7AR,PDC,8.99851908235096,24,9
R7AR,PGA,7.997484030290731,15,8
R7AR,PHCL,0.6321205588285577,2,1
R7AR,PHDL,-1.0,2,0
R7AR,PVV,15.999998649577904,24,16
R7AR,PVX,-1.0,0,2
R7AR,PVY,-1.0,2,0
R7AR,R2BL,-1.5,0,3
R7AR,R2BR,-4.0,8,0
R7AR,R3AR,-2.0,0,4
R7AR,R4AR,-1.0,2,0
R7AR,R4BR,5.982648734763336,14,6
R7AR,R5BR,4.979786159002743,5,6
R7AR,R6AL,4.939358477008231,18,5
R7AR,R6AR,8.998395672546874,26,9
R7AR,R6BR,-0.5,1,0
R7AR,R7AL,7.9981549555465365,11,8
R7AR,R7AR,1.796997075145081,2,3
R7AR,R7BL,-2.5,0,5
R7AR,R7BR,4.9730482120036585,8,5
R7AR,R9AR,-3.0,6,0
R7AR,R9BL,-2.0,4,0
R7AR,R9BR,-1.0,2,0
R7AR,VB09,-1.0,2,0
R7AR,VB10,-1.0,2,0
R7AR,cdlR,-1.0,0,2
R7AR,dBWMR23,-0.5,0,1
R7AR,grtR,-7.0,0,14
R7AR,hyp,1.593994150290162,6,2
R7AR,polR,-1.0,0,2
R7AR,vBWMR21,-0.5,0,1
R7BL,AS11,-2.0,0,4
R7BL,AVFL,4.96294129150503,11,5
R7BL,AVFR,5.982648734763336,6,14
R7BL,AVG,-3.0,0,6
R7BL,CA04,-1.5,0,3
R7BL,CA05,-7.5,15,0
R7BL,CP07,-0.5,1,0
R7BL,CP08,-1.0,2,0
R7BL,CP09,-5.5,11,0
R7BL,EF1,-1.0,0,2
R7BL,EF2,2.5270228505052925,3,19
R7BL,EF3,2.900425863264272,3,4
R7BL,PCBL,-4.0,0,8
R7BL,PDB,12.999978526870633,19,13
R7BL,PDC,33.99999999999992,34,90
R7BL,PGA,1.6616617919084682,2,5
R7BL,PHAL,-0.5,1,0
R7BL,PHAR,-1.0,0,2
R7BL,PLNL,-0.5,0,1
R7BL,PQR,-1.5,3,0
R7BL,PVNL,4.966310265004573,5,10
R7BL,PVV,48.0,48,86
R7BL,PVWL,-3.5,0,7
R7BL,PVX,-3.0,6,0
R7BL,PVY,4.9831551325022865,5,5
R7BL,R1AL,-1.0,2,0
R7BL,R1BL,-10.5,0,21
R7BL,R1BR,-6.5,13,0
R7BL,R2BL,-0.5,0,1
R7BL,R2BR,-1.0,2,0
R7BL,R3AL,0.4481808382428365,1,3
R7BL,R3BL,-0.5,1,0
R7BL,R3BR,-1.5,0,3
R7BL,R4AL,-3.5,7,0
R7BL,R4BL,1.1879883005803238,12,2
R7BL,R5BL,6.995440590172228,7,10
R7BL,R5BR,-4.0,8,0
R7BL,R6AL,3.871790527778861,14,4
R7BL,R6AR,-2.5,5,0
R7BL,R6BL,-4.0,8,0
R7BL,R6BR,-3.0,0,6
R7BL,R7AL,2.5768099188731566,17,3
R7BL,R7AR,1.6616617919084682,2,5
R7BL,R7BL,7.9953035232093645,8,28
R7BL,R7BR,32.99999999999991,40,33
R7BL,R7shL,-0.5,1,0
R7BL,R9AR,-3.0,0,6
R7BL,R9BL,-4.0,0,8
R7BL,R9BR,-1.0,2,0
R7BL,ailL,-1.0,2,0
R7BL,cdlL,1.8646647167633872,2,2
R7BL,dBWML23,-4.5,9,0
R7BL,dBWML24,-0.5,0,1
R7BL,dglL7,-1.0,2,0
R7BL,dglR8,-3.5,0,7
R7BL,hyp,3.9633687222225316,4,4
R7BL,polL,0.6321205588285577,2,1
R7BR,AS11,-2.0,4,0
R7BR,AVFL,5.982648734763336,14,6
R7BR,AVFR,4.96294129150503,5,11
R7BR,AVG,-3.0,6,0
R7BR,CA04,-1.5,3,0
R7BR,CA05,-7.5,0,15
R7BR,CP07,-0.5,0,1
R7BR,CP08,-1.0,0,2
R7BR,CP09,-5.5,0,11
R7BR,EF1,-1.0,2,0
R7BR,EF2,2.5270228505052925,19,3
R7BR,EF3,2.900425863264272,4,3
R7BR,PCBR,-4.0,8,0
R7BR,PDB,12.999978526870633,13,19
R7BR,PDC,33.99999999999992,90,34
R7BR,PGA,1.6616617919084682,5,2
R7BR,PHAL,-1.0,2,0
R7BR,PHAR,-0.5,0,1
R7BR,PLNR,-0.5,1,0
R7BR,PQR,-1.5,0,3
R7BR,PVNR,4.966310265004573,10,5
R7BR,PVV,48.0,86,48
R7BR,PVWR,-3.5,7,0
R7BR,PVX,-3.0,0,6
R7BR,PVY,4.9831551325022865,5,5
R7BR,R1AR,-1.0,0,2
R7BR,R1BL,-6.5,0,13
R7BR,R1BR,-10.5,21,0
R7BR,R2BL,-1.0,0,2
R7BR,R2BR,-0.5,1,0
R7BR,R3AR,0.4481808382428365,3,1
R7BR,R3BL,-1.5,3,0
R7BR,R3BR,-0.5,0,1
R7BR,R4AR,-3.5,0,7
R7BR,R4BR,1.1879883005803238,2,12
R7BR,R5BL,-4.0,0,8
R7BR,R5BR,6.995440590172228,10,7
R7BR,R6AL,-2.5,0,5
R7BR,R6AR,3.871790527778861,4,14
R7BR,R6BL,-3.0,6,0
R7BR,R6BR,-4.0,0,8
R7BR,R7AL,1.6616617919084682,5,2
R7BR,R7AR,2.5768099188731566,3,17
R7BR,R7BL,32.99999999999991,33,40
R7BR,R7BR,7.9953035232093645,28,8
R7BR,R7shR,-0.5,0,1
R7BR,R9AL,-3.0,6,0
R7BR,R9BL,-1.0,0,2
R7BR,R9BR,-4.0,8,0
R7BR,ailR,-1.0,0,2
R7BR,cdlR,1.8646647167633872,2,2
R7BR,dBWMR23,-4.5,0,9
R7BR,dBWMR24,-0.5,1,0
R7BR,dglR7,-1.0,0,2
R7BR,dglR8,-3.5,7,0
R7BR,hyp,3.9633687222225316,4,4
R7BR,polR,0.6321205588285577,1,2
R8AL,CP02,-0.5,1,0
R8AL,CP04,-1.0,0,2
R8AL,CP09,-0.5,1,0
R8AL,EF2,-0.5,1,0
R8AL,EF3,-0.5,1,0
R8AL,HOA,-0.5,1,0
R8AL,PCAL,19.999999975266157,24,20
R8AL,PCAR,6.994072767223896,13,7
R8AL,PCBL,-1.5,0,3
R8AL,PGA,-1.5,3,0
R8AL,PHCL,47.0,47,61
R8AL,PHCR,-7.0,14,0
R8AL,PVNL,-5.0,0,10
R8AL,PVV,-1.0,0,2
R8AL,PVX,11.99993548577029,21,12
R8AL,PVY,-0.5,1,0
R8AL,R2BL,-3.0,6,0
R8AL,R4BL,-1.0,2,0
R8AL,R8AR,-1.0,0,2
R8AL,R8BL,-1.0,2,0
R8AL,R9AL,-0.5,0,1
R8AR,CP02,-0.5,0,1
R8AR,CP04,-1.0,2,0
R8AR,CP09,-0.5,0,1
R8AR,EF2,-0.5,0,1
R8AR,EF3,-0.5,0,1
R8AR,HOA,-0.5,0,1
R8AR,PCAL,6.994072767223896,7,13
R8AR,PCAR,19.999999975266157,20,24
R8AR,PCBR,-1.5,3,0
R8AR,PGA,-1.5,0,3
R8AR,PHCL,-7.0,0,14
R8AR,PHCR,47.0,61,47
R8AR,PVNR,-5.0,10,0
R8AR,PVV,-1.0,2,0
R8AR,PVX,11.99993548577029,12,21
R8AR,PVY,-0.5,0,1
R8AR,R2BR,-3.0,0,6
R8AR,R4BR,-1.0,0,2
R8AR,R8AL,-1.0,2,0
R8AR,R8BR,-1.0,0,2
R8AR,R9AR,-0.5,1,0
R8BL,CA04,-0.5,0,1
R8BL,CP08,-1.5,0,3
R8BL,DD06,-0.5,0,1
R8BL,EF1,8.997161574506006,9,46
R8BL,EF3,0.7143148092521794,19,2
R8BL,PCAL,-0.5,0,1
R8BL,PDB,-6.5,13,0
R8BL,PHCL,32.999999999999865,33,58
R8BL,PHCR,3.9358952638894302,4,7
R8BL,PHDL,6.991793062310009,18,7
R8BL,PHDR,2.925319397448204,3,3
R8BL,PVNL,5.982648734763336,14,6
R8BL,PVNR,-1.0,0,2
R8BL,PVY,-1.0,2,0
R8BL,PVZ,-0.5,0,1
R8BL,R2AL,-0.5,0,1
R8BL,R2BL,-0.28757804410004817,1,7
R8BL,R2BR,-0.28757804410004817,1,7
R8BL,R4BL,6.99498464918945,11,7
R8BL,R4BR,3.908421805556329,10,4
R8BL,R5BR,-0.5,1,0
R8BL,R7BL,-0.5,1,0
R8BL,R8AL,4.9730482120036585,5,8
R8BL,R8AR,-1.0,0,2
R8BL,R8BL,-1.5,0,3
R8BL,R8BR,0.6321205588285577,1,2
R8BL,R9AL,-0.5,0,1
R8BL,R9BL,-1.0,2,0
R8BL,R9BR,-3.5,0,7
R8BL,dBWML24,-0.5,0,1
R8BR,CA04,-0.5,1,0
R8BR,CP08,-1.5,3,0
R8BR,DD06,-0.5,1,0
R8BR,EF1,8.997161574506006,46,9
R8BR,EF3,0.7143148092521794,2,19
R8BR,PCAR,-0.5,1,0
R8BR,PDB,-6.5,0,13
R8BR,PHCL,3.9358952638894302,7,4
R8BR,PHCR,32.999999999999865,58,33
R8BR,PHDL,2.925319397448204,3,3
R8BR,PHDR,6.991793062310009,7,18
R8BR,PVNL,-1.0,2,0
R8BR,PVNR,5.982648734763336,6,14
R8BR,PVY,-1.0,0,2
R8BR,PVZ,-0.5,1,0
R8BR,R2AR,-0.5,1,0
R8BR,R2BL,-0.28757804410004817,7,1
R8BR,R2BR,-0.28757804410004817,7,1
R8BR,R4BL,3.908421805556329,4,10
R8BR,R4BR,6.99498464918945,7,11
R8BR,R5BL,-0.5,0,1
R8BR,R7BR,-0.5,0,1
R8BR,R8AL,-1.0,2,0
R8BR,R8AR,4.9730482120036585,8,5
R8BR,R8BL,0.6321205588285577,2,1
R8BR,R8BR,-1.5,3,0
R8BR,R9AR,-0.5,1,0
R8BR,R9BL,-3.5,7,0
R8BR,R9BR,-1.0,0,2
R8BR,dBWMR24,-0.5,1,0
R9AL,AVFR,-4.5,9,0
R9AL,AVG,-0.5,0,1
R9AL,CA04,-4.5,0,9
R9AL,CA05,-0.5,0,1
R9AL,CP02,-2.5,0,5
R9AL,CP07,-12.5,0,25
R9AL,CP08,7.997819492918634,8,13
R9AL,CP09,-0.6554574852714905,1,9
R9AL,DVF,-3.5,7,0
R9AL,DX1,-2.0,4,0
R9AL,DX3,-5.0,10,0
R9AL,EF1,-0.5,1,0
R9AL,EF2,-1.0,0,2
R9AL,EF3,-9.5,19,0
R9AL,HOA,0.08030139707139416,1,5
R9AL,HOB,-0.28757804410004817,7,1
R9AL,PCAL,13.999991268948449,21,14
R9AL,PCAR,-1.5,0,3
R9AL,PCBL,-1.0,0,2
R9AL,PDB,-3.0,6,0
R9AL,PHCL,25.999999999910592,26,35
R9AL,PHCR,-7.0,0,14
R9AL,PHDL,2.8506387948964083,3,6
R9AL,PHDR,-1.5,0,3
R9AL,PVCL,-1.5,3,0
R9AL,PVNL,-1.0,2,0
R9AL,PVNR,-0.5,0,1
R9AL,PVV,12.999970615717709,13,26
R9AL,PVX,12.999969485553006,13,27
R9AL,PVY,3.899263986111962,11,4
R9AL,R2BL,-2.0,4,0
R9AL,R2BR,-0.5,0,1
R9AL,R3BL,-2.0,0,4
R9AL,R3BR,-0.5,0,1
R9AL,R4BL,-1.0,2,0
R9AL,R7BL,1.8646647167633872,2,2
R9AL,R8AL,5.970254973880004,6,24
R9AL,R8BL,3.917579625000696,9,4
R9AL,R8BR,-0.5,0,1
R9AL,R9BL,-4.5,9,0
R9AL,vspL,-0.5,1,0
R9AR,AVFL,-4.5,0,9
R9AR,AVG,-0.5,1,0
R9AR,CA04,-4.5,9,0
R9AR,CA05,-0.5,1,0
R9AR,CP02,-2.5,5,0
R9AR,CP07,-12.5,25,0
R9AR,CP08,7.997819492918634,13,8
R9AR,CP09,-0.6554574852714905,9,1
R9AR,DVF,-3.5,0,7
R9AR,DX1,-2.0,0,4
R9AR,DX3,-5.0,0,10
R9AR,EF1,-0.5,0,1
R9AR,EF2,-1.0,2,0
R9AR,EF3,-9.5,0,19
R9AR,HOA,0.08030139707139416,5,1
R9AR,HOB,-0.28757804410004817,1,7
R9AR,PCAL,-1.5,3,0
R9AR,PCAR,13.999991268948449,14,21
R9AR,PCBR,-1.0,2,0
R9AR,PDB,-3.0,0,6
R9AR,PHCL,-7.0,14,0
R9AR,PHCR,25.999999999910592,35,26
R9AR,PHDL,-1.5,3,0
R9AR,PHDR,2.8506387948964083,6,3
R9AR,PVCR,-1.5,0,3
R9AR,PVNL,-0.5,1,0
R9AR,PVNR,-1.0,0,2
R9AR,PVV,12.999970615717709,26,13
R9AR,PVX,12.999969485553006,27,13
R9AR,PVY,3.899263986111962,4,11
R9AR,R2BL,-0.5,1,0
R9AR,R2BR,-2.0,0,4
R9AR,R3BL,-0.5,1,0
R9AR,R3BR,-2.0,4,0
R9AR,R4BR,-1.0,0,2
R9AR,R7BR,1.8646647167633872,2,2
R9AR,R8AR,5.970254973880004,24,6
R9AR,R8BL,-0.5,1,0
R9AR,R8BR,3.917579625000696,4,9
R9AR,R9BR,-4.5,0,9
R9AR,vspR,-0.5,0,1
R9BL,ALNL,-1.0,2,0
R9BL,AVFL,-3.5,7,0
R9BL,AVG,-0.5,1,0
R9BL,CA04,-2.0,0,4
R9BL,CP07,-1.0,0,2
R9BL,CP08,-0.5,0,1
R9BL,CP09,1.4586588670535492,2,8
R9BL,DB07,14.999997246879115,18,15
R9BL,DX2,-0.5,1,0
R9BL,EF1,7.992452090872193,45,8
R9BL,EF2,55.0,91,55
R9BL,EF3,-0.5,1,0
R9BL,LUAL,7.996980836348877,8,18
R9BL,PDB,6.9936168262411185,14,7
R9BL,PHAR,-0.5,1,0
R9BL,PHBR,-8.0,16,0
R9BL,PHDL,-0.5,0,1
R9BL,PLNL,-2.0,4,0
R9BL,PQR,-3.0,6,0
R9BL,PVCL,2.800851726528544,8,3
R9BL,PVNL,5.965297469526671,6,28
R9BL,PVR,-4.0,8,0
R9BL,PVV,-1.7590958087858173,1,15
R9BL,PVX,-2.0,0,4
R9BL,R1BR,-6.0,12,0
R9BL,R2BR,-1.5,0,3
R9BL,R3BR,-3.0,0,6
R9BL,R4BR,1.7293294335267746,2,4
R9BL,R5BL,-6.0,0,12
R9BL,R6BR,4.895561821514176,31,5
R9BL,R7AL,-4.0,0,8
R9BL,R7BL,-8.5,0,17
R9BL,R7BR,3.8260014305570254,19,4
R9BL,R7shL,-1.0,0,2
R9BL,R8BL,11.99993548577029,21,12
R9BL,R9AL,10.999749474488146,30,11
R9BL,R9AR,-0.5,1,0
R9BL,R9BL,-1.3912163676143754,13,1
R9BL,R9BR,29.999999999998362,35,30
R9BL,R9shL,-0.5,1,0
R9BL,hyp,0.6321205588285577,2,1
R9BR,ALNR,-1.0,0,2
R9BR,AVFR,-3.5,0,7
R9BR,AVG,-0.5,0,1
R9BR,CA04,-2.0,4,0
R9BR,CP07,-1.0,2,0
R9BR,CP08,-0.5,1,0
R9BR,CP09,1.4586588670535492,8,2
R9BR,DB07,14.999997246879115,15,18
R9BR,DX2,-0.5,0,1
R9BR,EF1,7.992452090872193,8,45
R9BR,EF2,55.0,55,91
R9BR,EF3,-0.5,0,1
R9BR,LUAR,7.996980836348877,18,8
R9BR,PDB,6.9936168262411185,7,14
R9BR,PHAL,-0.5,0,1
R9BR,PHBL,-8.0,0,16
R9BR,PHDR,-0.5,1,0
R9BR,PLNR,-2.0,0,4
R9BR,PQR,-3.0,0,6
R9BR,PVCR,2.800851726528544,3,8
R9BR,PVNR,5.965297469526671,28,6
R9BR,PVR,-4.0,0,8
R9BR,PVV,-1.7590958087858173,15,1
R9BR,PVX,-2.0,4,0
R9BR,R1BL,-6.0,0,12
R9BR,R2BL,-1.5,3,0
R9BR,R3BL,-3.0,6,0
R9BR,R4BL,1.7293294335267746,4,2
R9BR,R5BR,-6.0,12,0
R9BR,R6BL,4.895561821514176,5,31
R9BR,R7AR,-4.0,8,0
R9BR,R7BL,3.8260014305570254,4,19
R9BR,R7BR,-8.5,17,0
R9BR,R7shR,-1.0,2,0
R9BR,R8BR,11.99993548577029,12,21
R9BR,R9AL,-0.5,0,1
R9BR,R9AR,10.999749474488146,11,30
R9BR,R9BL,29.999999999998362,30,35
R9BR,R9BR,-1.3912163676143754,1,13
R9BR,R9shR,-0.5,0,1
R9BR,hyp,0.6321205588285577,1,2
SDQL,AVBL,-1.5,3,0
SDQL,AVDR,-0.5,1,0
SDQL,AVG,-2.5,5,0
SDQL,AVKL,-0.5,1,0
SDQL,DA06,-2.0,4,0
SDQL,DA07,-0.5,1,0
SDQL,DB04,-2.0,4,0
SDQL,DD05,-0.5,1,0
SDQL,PDEL,-0.5,1,0
SDQL,PDER,-0.5,1,0
SDQL,PQR,-2.0,4,0
SDQL,PVR,-0.5,1,0
SDQL,PVX,-1.0,2,0
SDQL,SDQL,-7.5,15,0
SDQL,VB10,-0.5,1,0
SDQL,hyp,-5.0,10,0
SDQL,vBWML17,-0.5,1,0
SDQL,vBWML19,-1.5,3,0
SDQL,vBWMR19,-1.0,2,0
SDQR,AVBR,-1.5,0,3
SDQR,AVDL,-0.5,0,1
SDQR,AVG,-2.5,0,5
SDQR,AVKR,-0.5,0,1
SDQR,DA06,-2.0,0,4
SDQR,DA07,-0.5,0,1
SDQR,DB04,-2.0,0,4
SDQR,DD05,-0.5,0,1
SDQR,PDEL,-0.5,0,1
SDQR,PDER,-0.5,0,1
SDQR,PQR,-2.0,0,4
SDQR,PVR,-0.5,0,1
SDQR,PVX,-1.0,0,2
SDQR,SDQR,-7.5,0,15
SDQR,VB10,-0.5,0,1
SDQR,hyp,-5.0,0,10
SDQR,vBWML19,-1.0,0,2
SDQR,vBWMR17,-0.5,0,1
SDQR,vBWMR19,-1.5,0,3
SPCL,CA05,-5.5,0,11
SPCL,CA06,3.917579625000696,4,9
SPCL,CP01,-3.0,0,6
SPCL,CP04,-3.5,0,7
SPCL,CP05,5.991324367381668,6,7
SPCL,CP06,6.989513357396123,7,23
SPCL,DVF,-1.0,2,0
SPCL,DX3,-1.0,2,0
SPCL,HOB,4.942727450507774,5,17
SPCL,PCBL,0.6321205588285577,2,1
SPCL,PCCL,2.925319397448204,3,3
SPCL,PCCR,-4.0,0,8
SPCL,PDB,-2.5,0,5
SPCL,PHCL,-1.5,0,3
SPCL,PVZ,-0.5,1,0
SPCL,R2BL,-0.103638323514327,1,6
SPCL,SPDL,-3.0,0,6
SPCL,dBWML23,-1.0,2,0
SPCL,dspL,26.999999999970868,31,27
SPCL,gonad,13.999985032483057,14,36
SPCL,mu_anal,0.9849853757254048,15,2
SPCL,vspL,7.99597444846517,24,8
SPCR,CA05,-5.5,11,0
SPCR,CA06,3.917579625000696,9,4
SPCR,CP01,-3.0,6,0
SPCR,CP04,-3.5,7,0
SPCR,CP05,5.991324367381668,7,6
SPCR,CP06,6.989513357396123,23,7
SPCR,DVF,-1.0,0,2
SPCR,DX3,-1.0,0,2
SPCR,HOB,4.942727450507774,17,5
SPCR,PCBR,0.6321205588285577,1,2
SPCR,PCCL,-4.0,8,0
SPCR,PCCR,2.925319397448204,3,3
SPCR,PDB,-2.5,5,0
SPCR,PHCR,-1.5,3,0
SPCR,PVZ,-0.5,0,1
SPCR,R2BR,-0.103638323514327,6,1
SPCR,SPDR,-3.0,6,0
SPCR,dBWMR23,-1.0,0,2
SPCR,dspR,26.999999999970868,27,31
SPCR,gonad,13.999985032483057,36,14
SPCR,mu_anal,0.9849853757254048,2,15
SPCR,vspR,7.99597444846517,8,24
SPDL,CA05,-2.5,5,0
SPDL,CA06,-1.5,3,0
SPDL,CP01,-3.5,7,0
SPDL,CP02,6.994528708206673,12,7
SPDL,CP03,3.917579625000696,4,9
SPDL,CP04,-0.5,0,1
SPDL,DD06,4.959572318005487,12,5
SPDL,DVC,0.6321205588285577,1,2
SPDL,PGA,-0.5,1,0
SPDL,PVNR,-0.5,0,1
SPDL,PVPL,-2.0,4,0
SPDL,PVPR,-0.5,0,1
SPDL,PVZ,2.4772357821374285,21,3
SPDL,SPDR,5.959100589085005,33,6
SPDL,SPVL,1.796997075145081,2,3
SPDL,SPVR,2.8506387948964083,6,3
SPDL,VD12,-1.5,3,0
SPDL,ailL,16.999999648105295,17,17
SPDL,ailR,5.992563743470001,6,6
SPDL,dglR1,-3.5,7,0
SPDL,vBWML23,-2.0,0,4
SPDL,vBWMR20,-2.5,0,5
SPDL,vBWMR21,-3.5,7,0
SPDL,vBWMR23,-3.5,0,7
SPDR,CA05,-2.5,0,5
SPDR,CA06,-1.5,0,3
SPDR,CP01,-3.5,0,7
SPDR,CP02,6.994528708206673,7,12
SPDR,CP03,3.917579625000696,9,4
SPDR,CP04,-0.5,1,0
SPDR,DD06,4.959572318005487,5,12
SPDR,DVC,0.6321205588285577,2,1
SPDR,PGA,-0.5,0,1
SPDR,PVNL,-0.5,1,0
SPDR,PVPL,-0.5,1,0
SPDR,PVPR,-2.0,0,4
SPDR,PVZ,2.4772357821374285,3,21
SPDR,SPDL,5.959100589085005,6,33
SPDR,SPVL,2.8506387948964083,3,6
SPDR,SPVR,1.796997075145081,3,2
SPDR,VD12,-1.5,0,3
SPDR,ailL,5.992563743470001,6,6
SPDR,ailR,16.999999648105295,17,17
SPDR,dglL1,-3.5,0,7
SPDR,vBWML20,-2.5,5,0
SPDR,vBWML21,-3.5,0,7
SPDR,vBWML23,-3.5,7,0
SPDR,vBWMR23,-2.0,4,0
SPVL,AVL,-1.5,3,0
SPVL,CA05,1.8646647167633872,2,2
SPVL,CP04,-1.0,0,2
SPVL,CP06,-0.5,0,1
SPVL,DD05,-3.0,0,6
SPVL,DD06,24.999999999750017,36,25
SPVL,DVC,-1.0,0,2
SPVL,EF1,-5.0,0,10
SPVL,PQR,-2.0,0,4
SPVL,PVDL,-0.5,1,0
SPVL,PVNL,-5.0,10,0
SPVL,PVNR,4.96294129150503,11,5
SPVL,PVPL,-1.0,2,0
SPVL,PVPR,-1.0,0,2
SPVL,PVV,2.87553232908034,3,5
SPVL,PVWL,-0.5,0,1
SPVL,PVY,-0.5,1,0
SPVL,PVZ,8.998951016665263,17,9
SPVL,R8AR,-2.5,0,5
SPVL,R9AR,-2.5,5,0
SPVL,SPCL,-5.0,0,10
SPVL,SPDL,55.0,57,55
SPVL,SPDR,38.0,38,58
SPVL,SPVR,10.999849684692888,18,11
SPVL,VD09,-0.5,1,0
SPVL,VD10,3.908421805556329,10,4
SPVL,VD11,7.9983226868604875,8,10
SPVL,VD12,-10.0,20,0
SPVR,AVR,-1.5,0,3
SPVR,CA05,1.8646647167633872,2,2
SPVR,CP04,-1.0,2,0
SPVR,CP06,-0.5,1,0
SPVR,DD05,-3.0,6,0
SPVR,DD06,24.999999999750017,25,36
SPVR,DVC,-1.0,2,0
SPVR,EF1,-5.0,10,0
SPVR,PQR,-2.0,4,0
SPVR,PVDR,-0.5,0,1
SPVR,PVNL,4.96294129150503,5,11
SPVR,PVNR,-5.0,0,10
SPVR,PVPL,-1.0,2,0
SPVR,PVPR,-1.0,0,2
SPVR,PVV,2.87553232908034,5,3
SPVR,PVWR,-0.5,1,0
SPVR,PVY,-0.5,0,1
SPVR,PVZ,8.998951016665263,9,17
SPVR,R8AL,-2.5,5,0
SPVR,R9AL,-2.5,0,5
SPVR,SPCR,-5.0,10,0
SPVR,SPDL,38.0,58,38
SPVR,SPDR,55.0,55,57
SPVR,SPVL,10.999849684692888,11,18
SPVR,VD09,-0.5,0,1
SPVR,VD10,3.908421805556329,4,10
SPVR,VD11,7.9983226868604875,10,8
SPVR,VD12,-10.0,0,20
VA10,PDEL,-0.5,0,1
VA10,PDER,-0.5,1,0
VA10,PLML,-1.5,3,0
VA10,PLMR,-1.5,0,3
VA10,vBWML17,-9.0,18,0
VA10,vBWML18,-2.5,0,5
VA10,vBWML19,2.825745260712476,3,7
VA10,vBWML20,-6.5,0,13
VA10,vBWMR17,-9.0,0,18
VA10,vBWMR18,-2.5,5,0
VA10,vBWMR19,2.825745260712476,7,3
VA10,vBWMR20,-6.5,13,0
VA11,dglL2,-1.5,0,3
VA11,dglR2,-1.5,3,0
VA11,vBWML20,-1.0,2,0
VA11,vBWML22,-2.5,5,0
VA11,vBWMR20,-1.0,0,2
VA11,vBWMR22,-2.5,0,5
VA12,AVAL,1.593994150290162,6,2
VA12,AVAR,1.593994150290162,2,6
VA12,PVCL,10.999891438944863,11,13
VA12,PVCR,10.999891438944863,13,11
VA12,PVWL,-0.5,0,1
VA12,PVWR,-0.5,1,0
VA12,R3AL,-0.5,1,0
VA12,R3AR,-0.5,0,1
VA12,ailL,-2.5,0,5
VA12,ailR,-2.5,5,0
VA12,dglL1,-1.0,0,2
VA12,dglR1,-1.0,2,0
VA12,vBWML19,1.5263265086718556,2,7
VA12,vBWML20,-0.47151776468576934,8,1
VA12,vBWML21,-1.5,0,3
VA12,vBWML22,-2.5,5,0
VA12,vBWML23,-1.0,0,2
VA12,vBWMR19,1.5263265086718556,7,2
VA12,vBWMR20,-0.47151776468576934,1,8
VA12,vBWMR21,-1.5,3,0
VA12,vBWMR22,-2.5,0,5
VA12,vBWMR23,-1.0,2,0
VB05,AVAL,-0.5,1,0
VB05,AVAR,-0.5,0,1
VB05,PVCL,-0.5,1,0
VB05,PVCR,-0.5,0,1
VB07,PDEL,-0.5,0,1
VB07,PDER,-0.5,1,0
VB07,PLML,-0.5,1,0
VB07,PLMR,-0.5,0,1
VB07,vBWML17,-2.5,5,0
VB07,vBWML18,-4.0,0,8
VB07,vBWML20,-5.5,0,11
VB07,vBWMR17,-2.5,0,5
VB07,vBWMR18,-4.0,8,0
VB07,vBWMR20,-5.5,11,0
VB08,PLML,-0.5,1,0
VB08,PLMR,-0.5,0,1
VB08,PVCL,-0.5,1,0
VB08,PVCR,-0.5,0,1
VB08,dglL1,-0.5,0,1
VB08,dglR1,-0.5,1,0
VB08,vBWML17,-4.5,9,0
VB08,vBWML18,-0.5,0,1
VB08,vBWML19,15.999998818380666,16,21
VB08,vBWML20,-0.103638323514327,1,6
VB08,vBWMR17,-4.5,0,9
VB08,vBWMR18,-0.5,1,0
VB08,vBWMR19,15.999998818380666,21,16
VB08,vBWMR20,-0.103638323514327,6,1
VB09,AVBL,-0.5,1,0
VB09,AVBR,-0.5,0,1
VB09,dglL1,-3.5,0,7
VB09,dglL2,-3.5,0,7
VB09,dglR1,-3.5,7,0
VB09,dglR2,-3.5,7,0
VB09,vBWML19,2.6763840556088843,3,13
VB09,vBWML20,-8.0,16,0
VB09,vBWML21,3.8351592500013925,4,18
VB09,vBWMR19,2.6763840556088843,13,3
VB09,vBWMR20,-8.0,0,16
VB09,vBWMR21,3.8351592500013925,18,4
VB10,ailL,-0.5,0,1
VB10,ailR,-0.5,1,0
VB10,dglL2,-2.0,0,4
VB10,dglL3,-0.5,0,1
VB10,dglR2,-2.0,4,0
VB10,dglR3,-0.5,1,0
VB10,vBWML20,-1.5,3,0
VB10,vBWML21,1.2556559421986302,2,11
VB10,vBWML22,-6.5,13,0
VB10,vBWML23,2.925319397448204,3,3
VB10,vBWMR20,-1.5,0,3
VB10,vBWMR21,1.2556559421986302,11,2
VB10,vBWMR22,-6.5,0,13
VB10,vBWMR23,2.925319397448204,3,3
VB11,ailL,-9.5,0,19
VB11,ailR,-9.5,19,0
VB11,vBWML22,-4.5,9,0
VB11,vBWML23,-8.0,0,16
VB11,vBWMR22,-4.5,0,9
VB11,vBWMR23,-8.0,16,0
VD08,vBWML17,-5.5,11,0
VD08,vBWML18,-4.5,0,9
VD08,vBWML20,-3.0,0,6
VD08,vBWMR17,-5.5,0,11
VD08,vBWMR18,-4.5,9,0
VD08,vBWMR20,-3.0,6,0
VD09,vBWML17,-5.0,10,0
VD09,vBWML18,-4.5,0,9
VD09,vBWML19,6.991793062310009,7,18
VD09,vBWML20,-1.5,0,3
VD09,vBWMR17,-5.0,0,10
VD09,vBWMR18,-4.5,9,0
VD09,vBWMR19,6.991793062310009,18,7
VD09,vBWMR20,-1.5,3,0
VD10,dglL1,-1.0,0,2
VD10,dglR1,-1.0,2,0
VD10,vBWML19,2.4772357821374285,3,21
VD10,vBWML20,-3.0,6,0
VD10,vBWML21,-2.5,0,5
VD10,vBWMR19,2.4772357821374285,21,3
VD10,vBWMR20,-3.0,0,6
VD10,vBWMR21,-2.5,5,0
VD11,SPVL,-0.5,0,1
VD11,SPVR,-0.5,1,0
VD11,dglL1,1.7293294335267746,4,2
VD11,dglL2,-1.0,0,2
VD11,dglR1,1.7293294335267746,2,4
VD11,dglR2,-1.0,2,0
VD11,vBWML21,4.969679238504115,5,9
VD11,vBWML22,1.3909912254352428,9,2
VD11,vBWML23,-1.5,3,0
VD11,vBWMR21,4.969679238504115,9,5
VD11,vBWMR22,1.3909912254352428,2,9
VD11,vBWMR23,-1.5,0,3
VD12,R3AL,-0.5,0,1
VD12,R3AR,-0.5,1,0
VD12,ailL,-1.0,0,2
VD12,ailR,-1.0,2,0
VD12,dBWML21,-1.0,0,2
VD12,dBWMR21,-1.0,2,0
VD12,dglL3,-1.0,0,2
VD12,dglR3,-1.0,2,0
VD12,vBWML20,-3.0,6,0
VD12,vBWML21,-4.0,0,8
VD12,vBWML22,-5.5,11,0
VD12,vBWML23,-3.0,0,6
VD12,vBWMR20,-3.0,0,6
VD12,vBWMR21,-4.0,8,0
VD12,vBWMR22,-5.5,0,11
VD12,vBWMR23,-3.0,6,0
VD13,ailL,-1.0,0,2
VD13,ailR,-1.0,2,0
VD13,dBWML21,-0.5,1,0
VD13,dBWMR21,-0.5,0,1
VD13,vBWML22,-11.5,23,0
VD13,vBWML23,-4.5,0,9
VD13,vBWMR22,-11.5,0,23
VD13,vBWMR23,-4.5,9,0
